/* 
Создаем базу vk

*/


DROP DATABASE IF EXISTS vk;
CREATE DATABASE vk;
USE vk;

DROP TABLE IF EXISTS users;
CREATE TABLE users (
	id SERIAL PRIMARY KEY,  -- BIGINT UNSIGNED NOT NULL AUTO_INCREMENT UNIQUE    id 
	firstname VARCHAR(100),
	lastname VARCHAR(100),
	email VARCHAR(100) UNIQUE,  -- mail унмкальный 
	password_hash VARCHAR(255),
	phone VARCHAR(100),
    INDEX users_phone_idx (phone),  -- искать по номеру телефона (с нашим именем users_phone_idx)
    INDEX (firstname, lastname)   --  составной индекс, искать по имени фамилии (с автоматическим именем)
) COMMENT 'Пользователи';

-- не стоит накладывать индекс на поля, которые часто обновляются. Например логи: мы их чаще записываем, чем читаем

DROP TABLE IF EXISTS `profiles`;
CREATE TABLE `profiles` (
	user_id SERIAL PRIMARY KEY,
    gender CHAR(1),
    birthday DATE,
    photo_id BIGINT UNSIGNED NULL,
    hometown VARCHAR(100),
    created_at DATETIME DEFAULT NOW(),
    CONSTRAINT fk_user_id FOREIGN KEY (user_id) REFERENCES users(id)
) COMMENT 'Профайлы';

DROP TABLE IF EXISTS messages;
CREATE TABLE messages (
	id SERIAL PRIMARY KEY,
    from_user_id BIGINT UNSIGNED NOT NULL,
    to_user_id BIGINT UNSIGNED NOT NULL,
    body TEXT,
    created_at DATETIME DEFAULT NOW(),    
    
    INDEX (from_user_id),
    INDEX (to_user_id),
    FOREIGN KEY (from_user_id) REFERENCES users(id),
    FOREIGN KEY (to_user_id) REFERENCES users(id)
) COMMENT 'Сообщения';

-- табличка дружбы
DROP TABLE IF EXISTS friend_requests;
CREATE TABLE friend_requests (
	initiatior_user_id BIGINT UNSIGNED NOT NULL,     -- кто отправил запрос в друзья 
	target_user_id BIGINT UNSIGNED NOT NULL,     -- кому отправил запрос в друзья 
    `status` ENUM('requested', 'approved', 'unfirended', 'declined'),  -- тип данных перечисление: запрошен, подтвержден, удаление, отклонение
          -- некоторые субд резервируют слова типа ststus, поэтому их лучше в обратные ковычки 
    PRIMARY KEY (initiatior_user_id, target_user_id),   -- первичный ключ составной, эта пара гарантирует нам уникальность, чтобы случайно не могли добавить сразу две записи одновременно одному пользователю
    created_at DATETIME DEFAULT NOW(),   -- инфа, когда был отправлен этот запрос с значением по умолчанию текущей даты
    updated_at DATETIME ON UPDATE CURRENT_TIMESTAMP,   -- проставляется при обновлении
    INDEX (initiatior_user_id),
    INDEX (target_user_id),
    FOREIGN KEY (initiatior_user_id) REFERENCES users(id),
    FOREIGN KEY (target_user_id) REFERENCES users(id)
) COMMENT 'Статус дружбы';

-- группы пользователей
-- у пользователя несколько групп 
-- в каждой группе много пользователей 
-- это отношение сущностей многие ко многим  М х М 

-- табличка с группами 
DROP TABLE IF EXISTS communities;
CREATE TABLE communities (
	id SERIAL PRIMARY KEY,
    `name` VARCHAR(200),   -- наименование группы
    admin_user_id BIGINT UNSIGNED NOT NULL,  -- администратор группы
    
    INDEX communities_name_idx(name),
    INDEX (admin_user_id),
    FOREIGN KEY (admin_user_id) REFERENCES users(id)    
) COMMENT 'Группы';

-- чтобы организовать связь МхМ (пользователей и групп) нужна еще одна таблица (таблица связей)
-- M х М
DROP TABLE IF EXISTS users_communities;
CREATE TABLE users_communities (
	user_id BIGINT UNSIGNED NOT NULL,
	community_id BIGINT UNSIGNED NOT NULL,
    
    PRIMARY KEY (user_id, community_id),  -- -- первичный ключ составной
	FOREIGN KEY (user_id) REFERENCES users(id),
    FOREIGN KEY (community_id) REFERENCES communities(id)
) COMMENT 'Табличка связи Пользователей и Групп';

-- надо организовать ленту новостей 
-- новость будет собираться 
-- выделим типы новостей (можно через ENUM), но мы сделаем отдельную таблицу - справочник для типов медиа новостей 

DROP TABLE IF EXISTS media_types;
CREATE TABLE media_types (
	id SERIAL PRIMARY KEY,
    `name` VARCHAR(200)   -- имя типа медиа контента
    -- здесь будет мало записей, поэтому смысл в индексе для поиска пропадает
) COMMENT 'Типы Новостей';

DROP TABLE IF EXISTS media;
CREATE TABLE media (
	id SERIAL PRIMARY KEY,
    media_types_id BIGINT UNSIGNED NOT NULL,  -- ссылка на тип медиа 
    user_id BIGINT UNSIGNED NOT NULL,    -- кто запостился? ссылается на поле id таблицы users
    body TEXT,    --  текст поста  
    filename VARCHAR(255),   -- если это файл, то сохраним относительный путь к файлу в файлохранилище; не стоит хранить содержимое файла прямо в табличке 
    -- filename BLOB   можно объявить тип данных BLOB и хранить в нем файл
    `size` INT,    -- будем хранить инфу о размере файла    
    metadata JSON,  -- у файлов есть мета информация (свойства), можно использовать тип данных JSON
    created_at DATETIME DEFAULT NOW(),   -- дата создания со значением по умолчанию текущей даты
    updated_at DATETIME ON UPDATE CURRENT_TIMESTAMP,   -- дата обновления     
    
    INDEX(user_id),
    FOREIGN KEY (media_types_id) REFERENCES media_types(id),  -- завяжем на таблицу типов
    FOREIGN KEY (user_id) REFERENCES users(id)
) COMMENT 'Новости';

-- Лайки

DROP TABLE IF EXISTS likes;
CREATE TABLE likes (
	id SERIAL PRIMARY KEY,
	user_id BIGINT UNSIGNED NOT NULL,    -- кто поставил лайк? ссылается на поле id таблицы users
	media_id BIGINT UNSIGNED NOT NULL,   --  к какому посту поставили лайк 
    created_at DATETIME DEFAULT NOW(),   -- дата лайка со значением по умолчанию текущей даты
    
    FOREIGN KEY (user_id) REFERENCES users(id),
    FOREIGN KEY (media_id) REFERENCES media(id)
) COMMENT 'Лайки';

-- добавим фотоальбомы и фотографии, в таблице с фотографиями делаем ссылку на таблицу media там есть все метаданные 
DROP TABLE IF EXISTS photo_albums;
CREATE TABLE photo_albums (
	id SERIAL,
    `name` VARCHAR(255) DEFAULT NULL,   -- название альбома
	user_id BIGINT UNSIGNED NOT NULL,    -- чей альбом ссылается на поле id таблицы users

	PRIMARY KEY (id),  -- это как вариант указания ключа
    FOREIGN KEY (user_id) REFERENCES users(id)    
) COMMENT 'Фотоальбомы';

DROP TABLE IF EXISTS photos;
CREATE TABLE photos (
	id SERIAL PRIMARY KEY,
    album_id BIGINT UNSIGNED NULL,   --  ссылаемся на альбом  NOT Null не надо
	media_id BIGINT UNSIGNED NOT NULL,   --  сохраним инфу о файле- ссылка на medi, но лучше сделать отдельную таблицу file_info 
	user_id BIGINT UNSIGNED NOT NULL,    -- чья фотография ссылается на поле id таблицы users
    
    FOREIGN KEY (media_id) REFERENCES media(id),
    FOREIGN KEY (album_id) REFERENCES photo_albums(id),
    FOREIGN KEY (user_id) REFERENCES users(id) 
) COMMENT 'Фотографии';

-- =========================================================================================================================================
-- Заполнить все таблицы БД vk
INSERT INTO `users` 
VALUES 
('1','Neal','Brekke','felicita26@example.org','24898b5ccbc22be5fd8f003bef70dd55d77f7eae','(180)981-6060'),
('2','Elwyn','Rowe','daniel.bert@example.com','8e4f450d31272c1a692a3047012d0f0d3a91e86c','(416)915-1544x4308'),
('3','Leonard','Bernier','adrianna48@example.org','5ea8822ae793a2b5894def1f8203e8e7ebc84354','1-637-922-6357x799'),
('4','Adonis','Stehr','mrath@example.net','c3c53b9b6a0093a9860ff3c5ccbf757195331ae9','09352298209'),
('5','Chaz','Raynor','else75@example.org','1f46e5a6c193a4d3f5879b30a5d4e61514c03d40','(797)479-0971x50505'),
('6','Elaina','Pagac','waino.yundt@example.com','437f70e22e18a1647aebd2b77414b5ebf6c33d7c','1-320-451-2433'),
('7','Myriam','Konopelski','ferry.melany@example.net','e621e69609611fa2b2ce94b0f208998fbc3c3e99','+16(8)2881375996'),
('8','Mathilde','Sauer','bradtke.martina@example.net','098821bdcbe5f3f50fd18e89cc22584873d4aae1','1-366-876-8867x005'),
('9','Katelynn','Bruen','simone.huels@example.com','53a507934b916826e05428a440f1c6e8830216e4','350-228-6102x0867'),
('10','Helga','Hegmann','zweimann@example.net','b3a2149ce1ea147f4ae28ff5691e75d3df66d401','290.072.2687x726'),
('11','Benjamin','Glover','pmclaughlin@example.com','c369c5fcabfe5fe2cf4ec506dfc4df2154bca7fd','449-349-5869'),
('12','Ethel','Pfeffer','stanton.wunsch@example.org','e5c0925e388be0482722201b6d555b171a2819b1','05424898390'),
('13','Dock','Schultz','caltenwerth@example.com','7813070c05cef0d57f21f527549a9d04d39bd9e1','1-963-552-2634x26054'),
('14','Alana','Frami','pkassulke@example.org','d38351cb35008c62685df54df229733ceda8ed2c','(433)030-3299'),
('15','Maximilian','Kunde','libby52@example.net','43ff81c11e5f8405c7d5233a51c95b21d8a17117','1-734-914-8595'),
('16','Rickey','Frami','yesenia89@example.net','f629ba49a5697189a2e696feb64bbe6180f46df0','701-268-2822'),
('17','Gerson','Kertzmann','florida33@example.net','c858262986053e8eb8b64c8929ed78235d284dbd','1-131-475-2863x39169'),
('18','Phoebe','Wiza','bmarquardt@example.net','6fea7f7aaf42d5c3ada4596fe9c7fcd4ada89384','(946)758-4576'),
('19','Shyann','Gerlach','nreichert@example.org','4e81af091395a0706924222600f6a508bf8747f1','(523)384-5628x47674'),
('20','Meredith','Emmerich','angelina.jakubowski@example.org','9500319dfc91957ecd0af98c605d92baa7e9e10f','1-837-405-4637x43212'),
('21','Amparo','Kuphal','dkilback@example.org','4567103cb5ee6fe34df080ad39d005e3b5b8d45d','466.312.5120'),
('22','Oswald','Howell','lois76@example.net','67350525dcdfe6d623130963ddb43ea72ec58e81','523-639-2272x35605'),
('23','Freeman','Kassulke','jjohns@example.com','21b8a3b266ecf27e35bb6d9ad9b8255fc6b9e7b5','+64(3)6563615585'),
('24','Gilbert','Morissette','ithompson@example.org','1c5e2382679f77d6d84092cecde0ad9f59bfebdc','052-662-4936x6102'),
('25','Wilfredo','Feeney','maximus29@example.com','116f27623448eb5fcae024082cc0dcedebb724dd','518.644.1301'),
('26','Sammie','Dare','hessel.jonathon@example.net','953e079ecb92b82963a978632fde901c2585c466','1-397-598-9887'),
('27','Anita','Fadel','vhaley@example.com','b06ab1d74ab2f899bc0a90ae9c894cfac4bd0f46','1-713-134-8294'),
('28','Maximilian','Mohr','kautzer.lucile@example.net','7c9b272e7bce25484c70b9ac64ad63f52197d27e','+36(7)7906080032'),
('29','Marilou','Mayert','felicia61@example.com','ef4c742495bdba03657d568f52382653428fc816','+28(0)1182606165'),
('30','Oswald','Predovic','jerde.ellis@example.org','71708c772dc959c632629443c676a4f7483811f5','116.397.6037x281'),
('31','Destin','O\'Conner','kbogisich@example.net','1d8add3752438f65b8b7179b6ebe32a3e74d186a','978.592.3266'),
('32','Kim','Nikolaus','luna.schowalter@example.com','9d8c8b5b3fba3c9fe85bf00dd7b802dc616d6fe7','+75(5)8779254384'),
('33','Timmy','Smith','lorenza.ullrich@example.org','e9d58f4c33d8d37e8893967f7ee40ce55dd866f4','+94(8)1608019486'),
('34','Mafalda','Crooks','krajcik.jalyn@example.net','4d362729c24fca1045b80b39bf72999ca83f326f','160.448.2135'),
('35','Danielle','Bashirian','magali13@example.net','bc24fe32617aa3c5671db5f2df9172bf6b6cd9ff','+37(4)7129855062'),
('36','Grace','Hayes','ed55@example.org','ebe46cb318f442a96e3422939195a510f0f32389','(639)186-1289'),
('37','Waldo','Connelly','rkunde@example.net','4ccc9924cbc0c5cbf6ead62150198db3bf5b4c63','266.256.6072'),
('38','Ayden','Mayert','zulauf.franz@example.com','653f46d215845969aa13a113e09ea801092dc869','1-432-681-4240x1444'),
('39','Verner','Okuneva','johnston.wilfredo@example.com','4ef150516bd3a00b742f9807b9cd7f801934a2f1','(915)821-7423x494'),
('40','Marcelino','Hayes','gschmitt@example.com','6bee2ef66b3635bc4da61c374d72240a0c1ebf7a','222-044-8780'),
('41','Alejandra','Mills','luis80@example.com','00be1e70e3c15c3cd760831418a1d0ba00c736a1','1-075-210-5351'),
('42','Marcos','Wehner','zreichel@example.com','90981e9a37e395f0ec74be13a23be094dc945ab9','1-208-988-7505x7164'),
('43','Alena','Hermiston','qwhite@example.org','dfed833e36c3af1d3f40dbba606962450557ef30','1-213-201-0496x7441'),
('44','Ariel','Schamberger','funk.mozelle@example.net','9962701f68fede395a26def6562b65e9dcf21ec2','751.812.4684'),
('45','Pierce','Heidenreich','fahey.ransom@example.org','7dc1ab395e40e5ea746e971617f3d594de07d0c7','(503)525-0652x541'),
('46','Shanelle','Howell','nelda.stamm@example.org','7653fdb4cc12a8156991728d48b23b076a29f635','+21(7)0899910597'),
('47','Colby','Hudson','florian38@example.com','bbd5132818895379c809d37c9beb04ed443bd090','030-292-1791'),
('48','Darrion','Lang','margret.hahn@example.net','9976f25c18b2e1eadad785dce32d8c2d35648d3e','1-285-861-8108x05696'),
('49','Eloise','Champlin','schowalter.lenny@example.com','8174cd1ef428ad407c3baf9f9bc214e3a8bc604d','(890)643-3852x64628'),
('50','Keanu','Runte','brock57@example.net','6527940364a04f23ffaed1baa11d53f547da1053','626.378.2719x12701'),
('51','Taylor','Wisoky','vernon27@example.net','ce3ee97e54aa5d95eab6d2c2daa551ea39e2fe29','577.431.1801'),
('52','Mandy','Gutmann','doyle.dimitri@example.com','5053e32c4567d5206248327223b4d40b8a6c7089','581-510-4556x840'),
('53','Tomasa','Bergnaum','enrico93@example.net','82e48eed72c90238f9b979c754711181da709f4b','(723)313-0142'),
('54','Lilla','Bins','bokuneva@example.com','2726277ffa8766191a2f42e5cdfa5e4988815b7b','523.651.0763x13391'),
('55','Marcos','Schulist','kihn.oliver@example.net','89d1f8e15f0384d8c10c3b1c3679f97a21aacfd2','(574)696-0323x7997'),
('56','Vida','Cole','kshlerin.lenna@example.org','4ea10e6d180b0be87535690d78d46b55564d7a88','03504853203'),
('57','Serenity','Nikolaus','obie.ondricka@example.net','e0b81146dbe6fa4bb163db514d717f595edc7339','(646)168-7378'),
('58','Kenna','Towne','qritchie@example.net','3d685a27163a52ef418868917cc0e072a55f5542','(407)013-4241'),
('59','Destany','Hand','lenna.mann@example.org','75e2157e0b53b03dc28610d93c396fc0c873e78c','411.152.6010'),
('60','Maybell','Nicolas','ewitting@example.org','558b19c986b797482ebfc505e06b995cd0ba5933','681-090-9443'),
('61','Cesar','Denesik','ugreenfelder@example.com','ca058374ff5139621e7e61a84b35d12d33f0ec53','1-250-460-5006'),
('62','Roma','Schuppe','adams.orval@example.com','34b9836f2d48ae1c33fa74b85c75efcfc8d594d8','(975)087-5456x53688'),
('63','Juliet','Stokes','hammes.jo@example.com','a60ea19d671576d13d3d6e5da86ee1c3c8a558fb','206-426-2969'),
('64','Alena','Becker','dayne.reilly@example.net','e9fa0e6fb942296a7f429290fdd41a06b0e10142','+34(8)5069904568'),
('65','Trevion','Walker','bart27@example.org','6c0f00764a03a154ad941d3399b7c190bb31ddb8','1-210-220-0737'),
('66','Celia','Klocko','matteo90@example.net','3e71e963783a1af0e73cd70eab71d70fc082a9bc','+63(0)0062277904'),
('67','Magali','Spinka','harmony.bartell@example.org','ed0581e5f997d8f186ff79988338b7f2905524d5','307.165.1428x23273'),
('68','Florine','Lakin','enrico.torp@example.com','cbfc2104f7e6d3624f80dc8cce52ff69a253a168','885-382-3173x4170'),
('69','Cloyd','Mosciski','lang.freida@example.com','8bcf822059720458b04433474d37a1cf84d0db57','+25(9)5902377184'),
('70','Jerome','Strosin','fannie.hills@example.net','11f9f2a38e21115c3f4c6394a052608a9cfffe98','(530)808-6448x7041'),
('71','Bell','Ebert','robel.vicky@example.com','c648fd3557e759c9775a2097e5440979f1f43f08','1-175-465-3763x878'),
('72','Gage','Eichmann','sienna44@example.net','5cdbeb538a578acaad478c56bf9703cb479b077b','1-732-005-2581x6516'),
('73','Jewel','Konopelski','lavon10@example.org','376803414674ce917a1138d73caeedb060a5b43a','00333766447'),
('74','Patricia','Hagenes','jaeden.hand@example.net','9e063905b86367d7b1b7ff75a3b8c565e42c15ea','715-826-8145'),
('75','Maryjane','Dare','vincent15@example.com','4c4f4f681a2db46e01cf8ea02af2d6d1e3237c6d','00929983898'),
('76','Ignacio','McClure','sharris@example.org','db85f8541b5073b83024971d78876291cf6640e3','1-407-955-8043'),
('77','Carmen','Treutel','windler.trinity@example.com','58f1d14aaee964da1483b09e2f313266001349d4','(689)714-3904'),
('78','Alexzander','Keebler','stokes.jonatan@example.com','60f3b44ddbcb9465ce4ed5fecaa690d3f574b1c1','361.025.9389'),
('79','Zachariah','Funk','devon10@example.org','221ff84502cb41c17e1f25c7a40fea57844fc7da','+47(2)0292177596'),
('80','Angelo','Torphy','ellie.wisozk@example.org','3a63c4a6538350a81ffc077d019bb2bb1ca64f54','(620)322-4706x50072'),
('81','Roel','Vandervort','rlarson@example.org','cc1c3b5be39652b83eaf9a36b22325f72ceb095a','793-253-0078x41862'),
('82','Zula','Ebert','eleazar81@example.net','c9dfba568dfad22313968d5f58bdd7f8a17fe607','1-284-643-2368x783'),
('83','Madge','Haley','antonina10@example.com','61181e87c100a3b9dbcd5d7140dd6612d8ed5dc8','635.215.0092x701'),
('84','Jordan','Wiza','madalyn26@example.com','5a9ee39ffa13615593c14fc001e609c2e2db0451','(011)341-8887'),
('85','Harrison','Torphy','ebrown@example.org','13f0968a535e05f190606b92dcbd9f18832edf52','261-379-9518'),
('86','Jordan','Jast','jacobson.roxanne@example.net','780b1c8928f70ccdc4f581b5395aeb5ccbd8020e','(693)541-2948x51049'),
('87','Dahlia','Carter','qgulgowski@example.net','f024a8844b842ebc64b1263355fa5bd79be68478','+44(0)3949484795'),
('88','Colleen','Kris','ardith89@example.com','54488d1aa9540e967d50f64cff5bf936f86684f5','08034469838'),
('89','Gilberto','Hoeger','agnes33@example.org','1cb859a02cb5618127c17b248c74dea50b939d0a','591.589.3113'),
('90','Johnnie','Lehner','frutherford@example.org','8cad9a29f4961434cbba4eeba03b61c912b4fe39','05642232396'),
('91','Edison','Little','whirthe@example.net','a2f1fde734af58f1e20f8d69652d273551f054c3','722-160-9116x3131'),
('92','Bailey','McDermott','darrion46@example.net','d006f273f45b7b47d66efc5d667d15f7428c2f04','772-414-7855x966'),
('93','Krystal','Crona','stroman.maureen@example.org','c0b648882ca7900353544ec8e4a05e719d71b370','608-063-2425'),
('94','Elijah','Schaden','clemens.mitchell@example.org','a50cf9d039a7ad165e5caf8cf47e6389922ad5d3','817.536.7036x113'),
('95','Gunnar','Kuhic','raynor.dock@example.net','7b2d71e77c2317750b2d23c8b7ab073644be9705','(909)614-9365'),
('96','Newton','Schaefer','carolyne.strosin@example.org','6e5cfaec20a6cfed6639b60e16f9f00a9ff5341e','(888)371-0712x8439'),
('97','Keara','Powlowski','era44@example.net','7ac0a1e1c38f52370377cf139bc4e32766a7f118','1-743-872-0276'),
('98','Phoebe','Okuneva','wilbert.nitzsche@example.net','33333392ca8560bf015867a17dc21ee9acc98dad','1-644-879-3296'),
('99','Anita','Runolfsdottir','metz.daren@example.org','5b88f09ca1e886b137517555416a375c79c868f8','058-840-1517x517'),
('100','Laurine','Gleichner','sschroeder@example.net','93e02e7e56b6a11151b76bc84a100b26fd64f6fe','486-447-8874'); 

INSERT INTO `media_types` 
VALUES 
('1','minima'),
('2','dolorum'),
('3','omnis'),
('4','amet'),
('5','ipsum'),
('6','similique'),
('7','porro'),
('8','dolorem'),
('9','error'),
('10','modi'),
('11','voluptas'),
('12','ut'),
('13','sapiente'),
('14','reprehenderit'),
('15','quam'),
('16','esse'),
('17','nihil'),
('18','velit'),
('19','est'),
('20','facere'),
('21','mollitia'),
('22','quam'),
('23','non'),
('24','deleniti'),
('25','perferendis'),
('26','temporibus'),
('27','ratione'),
('28','natus'),
('29','quasi'),
('30','et'); 

INSERT INTO `messages` 
VALUES 
('1','22','50','Voluptatum sunt consequuntur veniam veritatis recusandae. Possimus sit et deleniti et. Deserunt consequatur possimus dolorem commodi sit et sit.','1997-04-25 17:43:48'),
('2','63','74','Non aut sit magnam pariatur et ullam. Eius voluptates consectetur enim nemo. Fugit delectus labore sunt architecto perspiciatis. Ea et doloribus quo nihil est est magnam.','2016-12-28 09:05:49'),
('3','86','46','Qui at magnam quia iusto molestias laborum et. Labore est odio adipisci deleniti voluptate dolores. Qui nulla odit delectus aut laudantium. Assumenda placeat rerum tempore laudantium consequatur nostrum. Beatae beatae laudantium voluptatem quam provident nam.','1990-11-25 16:52:59'),
('4','9','4','Sint esse sit est odit. Porro deserunt adipisci reiciendis sint aperiam quia suscipit voluptatem. Explicabo ut nihil corporis. Ea qui aut velit laudantium. Adipisci eaque vero recusandae voluptatem.','1989-07-12 19:59:17'),
('5','73','46','Voluptate atque similique laboriosam asperiores et necessitatibus quod. Delectus quis quia enim cupiditate. Voluptatum reiciendis deserunt magnam exercitationem. Reiciendis voluptates expedita qui praesentium enim aperiam.','2005-07-06 04:22:22'),
('6','30','74','Quaerat placeat ut hic ratione itaque placeat. Tempore nihil dolorum debitis aut suscipit facilis nostrum. Iusto earum sunt laborum.','1992-11-16 00:50:10'),
('7','59','94','Nisi dolorem aliquid consequuntur in qui. Molestiae nihil qui quibusdam explicabo est voluptatem. Molestias fugit nam nesciunt laborum. Culpa minus dolor enim consequuntur quod.','1993-06-11 08:17:02'),
('8','53','52','Ex sequi doloribus provident nihil ullam ad eius. Rem explicabo eos dolorem magni cum cumque. Officiis qui enim rerum asperiores autem. Aut blanditiis quia dolores dolorem.','2009-02-19 09:00:12'),
('9','42','26','Eligendi nihil fugit inventore corrupti qui. Nostrum libero pariatur nulla fuga nihil est. Eum similique dolor cum quis consequatur velit. Quas incidunt corrupti minus perferendis veniam.','1979-11-17 05:40:32'),
('10','74','87','Ea molestiae qui nostrum sed in. Praesentium aspernatur nobis dolor sint deserunt. Quae a ipsam voluptatem quasi vel sit voluptas. Veniam vero id at repudiandae maxime et ea.','2008-05-12 20:16:22'),
('11','33','47','In nihil id doloremque magni quibusdam temporibus. Aliquam eaque enim quae quos sed in minima. Quibusdam est veniam eum dolorum aut dolore quas.','1990-10-27 04:22:42'),
('12','85','34','Sed consequatur quis nulla ut et est. Qui fuga voluptates illo dicta.','2002-01-20 07:11:38'),
('13','35','36','Rerum distinctio soluta et enim porro culpa. Nihil ipsam molestiae quis consectetur facilis nostrum nam. Ipsa quis cupiditate dolorem et eveniet voluptatibus a. Et quam quibusdam est at.','1976-07-15 20:58:50'),
('14','20','72','Perferendis delectus omnis explicabo quo fuga. Magnam a similique aperiam ut corporis rerum in error. Commodi et exercitationem consequatur nostrum iste doloribus mollitia unde. Voluptatibus quod corporis voluptatem illo.','2005-07-29 08:33:39'),
('15','5','83','Accusamus aut ad dicta nisi aut ad asperiores tempora. Porro vel quia ex a numquam modi. Cumque maiores facere adipisci alias qui vel.','2009-10-11 17:52:38'),
('16','69','6','Vel harum culpa odio reiciendis aut. Non animi dignissimos aut. Consequatur et aut alias aut cupiditate deleniti voluptatum. Officia pariatur aut placeat praesentium similique.','1992-12-09 05:17:58'),
('17','48','26','Explicabo unde quis ipsum quia id praesentium. Ducimus vitae non dignissimos sit et sunt a. Qui impedit et aut occaecati adipisci esse sunt molestias. Aperiam dolor autem ea. Velit sequi et qui et.','1989-11-30 21:59:35'),
('18','22','81','Natus voluptatem ab laborum eaque deleniti eaque ipsa. Reprehenderit deserunt porro sed fugit dolorem ducimus numquam qui. Ad dolores rerum repudiandae aut optio nisi. Laboriosam iusto architecto ea sint quas.','2008-03-24 15:48:34'),
('19','30','74','Numquam in laborum quis. Dolor ut reprehenderit voluptas voluptatem aut tempore. Soluta qui aliquam aperiam molestiae. Quod qui veniam ex voluptas molestias.','1987-06-07 13:58:16'),
('20','5','10','Omnis aut quis dignissimos et qui. Consequatur dolores ea et quam sed sequi quasi quos.','1989-04-06 22:21:03'),
('21','34','26','Ut qui rerum nihil qui. Dolorem vitae voluptate excepturi in recusandae occaecati beatae dicta. Labore distinctio provident qui. In maiores natus voluptatibus.','1993-11-17 05:46:59'),
('22','80','18','Rerum voluptates maiores vel cum nisi numquam perferendis. Rerum modi voluptatem ex ipsa in et placeat. Deleniti officiis eius nemo eaque doloremque. Magni nulla nisi commodi asperiores beatae quae ducimus.','2016-01-18 21:01:37'),
('23','68','55','Consequatur qui adipisci ex aut quae sequi rem. Et facilis voluptatem quibusdam architecto porro. Ut voluptatum cupiditate et cum accusamus ea corporis. Sit aspernatur eaque perspiciatis quasi.','2007-08-17 14:43:29'),
('24','59','10','Quo enim assumenda corporis est et nihil. Amet vel aperiam tempora quas. Et deserunt et est quo. Eaque natus dolor et accusantium earum est. Ipsam magni nihil dolorum dolorem illum nulla.','1973-01-06 00:11:23'),
('25','21','17','Magni maxime consequatur quis sunt non sed sed. Et harum nihil et commodi. Voluptatibus optio aperiam facere ullam.','2008-05-04 10:15:14'),
('26','41','21','Officiis porro id autem esse. Voluptatem debitis dignissimos sint repudiandae provident ipsam odio. Est iste id voluptas quis perspiciatis hic.','2009-03-23 21:33:06'),
('27','89','35','Voluptatum aperiam voluptatem neque eius aut molestias provident. Repudiandae modi eos occaecati alias id nesciunt facere culpa. Sit nobis corrupti modi voluptatibus aspernatur nulla. Sit exercitationem ab autem rerum vero sit quo sunt. Explicabo consequuntur eius rerum et.','2018-08-19 03:25:12'),
('28','19','46','Corporis aut delectus provident consequatur. Exercitationem cum iure qui eos non. Beatae eius quisquam excepturi facilis velit. Soluta temporibus ipsum eos quis et tempore.','1989-01-06 19:13:43'),
('29','74','30','Corporis dolorem nulla impedit perferendis omnis. Ratione qui atque saepe.','1971-10-19 20:08:15'),
('30','62','64','Nulla laudantium nam et et aut. Inventore culpa quam est perferendis sint. Voluptate est quaerat voluptatem expedita velit. Id voluptas facere aspernatur.','1991-08-04 04:48:00'),
('31','55','30','Temporibus dolorem exercitationem rerum voluptatem ut. Laboriosam alias velit et eligendi autem rerum. Explicabo sed velit adipisci qui assumenda consectetur pariatur.','1986-08-25 17:27:44'),
('32','37','39','Modi vero nisi rerum blanditiis. Minima hic aut optio. Distinctio velit animi sit quia voluptatum placeat. Consequatur ullam cumque totam eligendi neque.','2016-03-20 19:06:11'),
('33','7','22','Et velit neque quia rem. Aut deleniti possimus autem. Sit voluptas doloremque omnis et itaque esse maxime aperiam. Voluptates quo deleniti totam et. Reiciendis et adipisci et ullam dolore ipsum.','1977-08-28 20:10:40'),
('34','42','29','Est enim aliquam libero ipsum optio. Dicta aut consequatur in sunt assumenda tempora. Ipsa ex molestiae reiciendis aut.','1992-04-27 08:22:27'),
('35','43','7','Totam iusto non natus repellat reprehenderit. Ea sint quisquam facere aut sit sit voluptas dolorem.','1978-04-12 20:09:44'),
('36','3','57','Eos dolores voluptatem sunt. Perspiciatis omnis iusto ipsa ad magnam deleniti nostrum. Excepturi consequatur esse pariatur in quia. Quos nihil est error.','1977-10-18 16:37:47'),
('37','9','22','Qui eveniet vel autem excepturi quia. Ex cum quae tenetur. Commodi error iusto culpa sint ullam doloremque maxime. Quidem dolor unde vero et itaque expedita dolor. Ullam fugit saepe voluptatem maiores ea quo.','2007-08-24 12:47:08'),
('38','46','79','Aut aspernatur et consequatur ullam quibusdam. Omnis delectus consequatur incidunt quam quidem culpa omnis. Dicta unde nobis tempore.','2003-04-15 15:42:06'),
('39','7','98','Fugiat aperiam autem modi aut ea et. Explicabo temporibus temporibus autem voluptates unde repudiandae quidem. Voluptatem sint doloremque atque iste accusamus. Neque dignissimos eaque placeat deleniti.','2010-05-04 12:55:32'),
('40','40','12','Ex repudiandae eaque consequatur magni ratione. Cum optio ipsam rerum sunt modi qui labore. Vero repellat inventore consequatur sit officia.','1988-11-30 12:15:14'),
('41','80','95','Nostrum necessitatibus ab dicta est quia. Culpa animi voluptatem aut itaque. Corporis doloremque assumenda commodi. Cumque voluptas similique eius ea magni maxime fuga.','2015-05-22 04:37:21'),
('42','93','36','Nisi quisquam numquam explicabo tempora illum placeat ut minima. Nemo nisi et sequi unde quibusdam sed. Dolores a ab modi in unde quo hic. Vitae sit commodi sapiente esse neque.','1982-08-29 16:53:33'),
('43','16','86','Aut nihil aliquam et qui dolorem voluptate similique. Voluptatem sed cum est qui. Magni est omnis non eos nihil. Sed est nemo omnis voluptate est earum iure sapiente.','2014-03-24 20:35:48'),
('44','51','61','Esse non quos rerum eum voluptatibus laboriosam inventore quia. Ea fugit nobis nihil magnam. Placeat quisquam natus laborum minus nihil unde. Autem provident provident quam praesentium error eaque dolores.','1999-07-17 16:04:09'),
('45','18','86','Debitis sint dolor ipsam. Qui tenetur incidunt ex nesciunt earum delectus. Iusto dolorum quae dolor porro ut corporis corporis aperiam.','1971-04-15 07:20:38'),
('46','9','32','Atque et assumenda architecto et et dicta commodi. Modi fugit ut sed velit est ipsa. Consequatur sit molestiae in amet quia fugit. Aut enim aperiam dolor temporibus.','1988-07-15 23:38:47'),
('47','27','30','Laboriosam ad id sed neque autem asperiores. Voluptas molestiae quae sint sint aperiam sunt eius. Beatae commodi laudantium nam similique eaque consequatur.','1973-09-01 19:03:40'),
('48','30','74','Accusamus nulla rerum nihil eos. Accusantium doloribus sit omnis eveniet saepe eos aut. Et dolor et aspernatur libero.','2010-08-04 13:40:42'),
('49','49','48','Qui qui ipsam nesciunt rem expedita numquam. In ea dolore assumenda occaecati. Ducimus omnis ea minus minima et. Iste aut enim sed et.','1980-12-18 05:34:14'),
('50','67','91','Excepturi maiores facilis ea consequatur fugit recusandae illo. Sunt quisquam aut distinctio voluptatibus quos dolor excepturi. Sit omnis quisquam accusantium maiores similique laudantium in.','2002-04-21 03:07:03'),
('51','16','32','Harum nihil quia quia ratione quod perferendis excepturi perspiciatis. Et optio quam optio quisquam esse voluptate itaque. Est quis consectetur omnis nulla est adipisci quisquam. Id provident sint eligendi aliquid provident aliquid.','2005-01-16 00:30:12'),
('52','6','85','Et voluptatum nam ex voluptas numquam est. Nobis maxime eveniet voluptatem voluptatum aliquid numquam. Laborum pariatur quaerat earum beatae. Quos ipsa quia delectus dicta perferendis voluptate.','1990-09-18 09:50:11'),
('53','66','20','Mollitia sunt quibusdam deleniti commodi. Dolores quo voluptatem incidunt nam. Rerum et sequi ut repellat. Deserunt et et dicta deleniti voluptatibus.','1986-10-31 03:23:21'),
('54','62','15','Architecto quis harum iste beatae autem alias ut. Est dolores ut nobis aperiam tenetur. Reprehenderit sapiente ipsum officiis nulla saepe.','2012-06-20 10:45:26'),
('55','82','99','Facere molestiae est aut corporis nobis ut consequatur. Est vitae tempora eos pariatur ipsam quis. Sed odio veritatis atque animi molestias a.','2009-03-13 12:08:50'),
('56','54','4','Voluptates quis tempora officiis magni similique amet. Assumenda totam deleniti aut. Nulla odit praesentium expedita omnis amet facere laudantium.','1985-06-28 18:29:48'),
('57','30','13','At excepturi voluptas fuga. Quibusdam possimus est vero sapiente aut aut aliquam quod. Perspiciatis voluptatum in occaecati ducimus incidunt consequatur maiores. Et et eum sunt in necessitatibus rerum praesentium. Debitis occaecati sed nobis repellat et.','1991-11-14 23:55:21'),
('58','46','33','Quia a nihil officiis tempora vel est. Excepturi eaque dicta sunt occaecati. Magni voluptatem esse quam voluptates deserunt assumenda. Eos laudantium aperiam quis omnis. Numquam consequuntur ab voluptates est autem.','1978-05-31 10:50:25'),
('59','36','91','Distinctio dignissimos quas hic nihil a quaerat inventore. Animi nam distinctio sit sunt quod ut natus nobis.','1996-11-22 14:13:43'),
('60','98','59','Error non asperiores in voluptatem nostrum et nam. Atque dolore vitae tenetur rerum alias similique. Beatae deserunt enim repellat dolore.','2006-07-14 00:48:08'),
('61','85','8','Voluptates et reiciendis consequuntur voluptas quia. Perspiciatis reiciendis tenetur amet soluta et veritatis. Fuga aut rerum sint ullam architecto suscipit dolor. Itaque blanditiis voluptatum consequuntur recusandae ut non non.','2002-08-12 19:44:46'),
('62','65','7','Consequatur et sed quidem reprehenderit aliquam eaque ullam. Ut perspiciatis dicta dolorum ratione tenetur. Qui eos et a illum soluta quisquam quis.','2004-07-19 11:08:18'),
('63','53','22','Et aut perferendis occaecati voluptatem sunt consectetur aperiam dolor. Provident ab sed qui sit possimus omnis laboriosam. Reiciendis velit vero voluptatum numquam ea aliquid cum. Rerum exercitationem rerum aut earum ut.','1973-05-16 21:36:53'),
('64','8','28','Molestias repellendus assumenda dicta dignissimos et nisi. Harum tempora numquam sit dolor. Deleniti eligendi doloribus et consequatur velit ut. Voluptas cum magnam excepturi nulla soluta et perspiciatis.','1976-05-08 03:04:41'),
('65','31','4','Optio ad maxime sunt asperiores ab sit. Sequi voluptatibus ipsam repudiandae blanditiis laborum asperiores consectetur. Voluptatem qui praesentium perspiciatis assumenda et perspiciatis. Quia qui voluptate fuga eum. Est aut ea veritatis inventore provident tempore aut est.','2018-07-07 10:01:38'),
('66','57','8','Et quas sit possimus esse ut dolor dolores. Dolorum mollitia veritatis minus officia laboriosam fugiat non. Alias aliquid et quos ea. Consequatur sunt enim cum consequuntur culpa quam nemo.','1976-04-11 20:59:23'),
('67','17','62','Ut quidem dolorem ut et. Id ut ea optio voluptatem culpa quam expedita. Voluptas architecto laboriosam distinctio dolorum placeat aliquid earum hic.','1970-10-12 18:10:24'),
('68','85','26','Quod possimus eveniet sit provident et. Enim est eos architecto culpa facere dolorum. Iure qui fuga animi.','1988-06-16 09:47:04'),
('69','39','9','Natus aut minus qui odio debitis. Aut ut autem vel nihil. Deleniti et nemo nisi maxime delectus a optio.','2007-08-30 08:14:00'),
('70','47','44','Veniam eaque quis labore dolores quia. Quas eos sit aperiam voluptatem deserunt. Suscipit ex sit perspiciatis dolore accusamus. Hic velit eum iste incidunt dignissimos sed ut.','2009-06-08 09:56:13'),
('71','85','63','Laborum id eos repellat aliquam dolor maxime nemo. Et dolores nobis vel sint enim libero quaerat pariatur. Aut sapiente quia est sit sed unde facilis. Omnis sunt maxime ratione vel necessitatibus ea eius.','1978-12-10 20:16:29'),
('72','21','73','Itaque distinctio deleniti occaecati. Assumenda inventore expedita error molestiae ipsam. Nihil omnis qui ea similique.','1993-12-13 23:48:57'),
('73','56','33','Asperiores et temporibus corrupti omnis minus. Omnis est aliquam ut asperiores. Quia facere asperiores cumque ea iste dolor magnam.','1983-11-02 10:49:24'),
('74','98','11','Iure omnis deleniti accusamus sed doloremque aut. Dolorem sapiente libero molestiae omnis quasi. Officia quia temporibus sit qui. Aut ut quia consectetur architecto.','2015-07-03 08:44:09'),
('75','65','78','Nam qui sed fuga voluptatem error facere autem laudantium. Excepturi nam voluptatem totam sit. In non tempore quaerat laborum animi voluptatem nulla. Ducimus nihil maiores sequi consectetur voluptatem.','1996-08-27 03:52:17'),
('76','56','54','Accusantium repellendus nihil hic officia dolorem. Ducimus eveniet assumenda incidunt debitis soluta dolores iusto.','1999-05-21 05:49:38'),
('77','30','55','Quod quis quia quia voluptatem. At delectus iusto magnam maxime assumenda dignissimos voluptas. Doloremque esse sit velit quia aliquid.','2010-02-23 15:40:00'),
('78','50','17','Enim ut necessitatibus sed doloribus facilis illo similique. Exercitationem expedita odio fugiat ullam distinctio nesciunt.','1977-06-12 15:34:59'),
('79','13','30','Excepturi amet eveniet neque ex iure. Earum rem nemo et. Eligendi amet maxime aut sed ea et quia fuga. Sapiente iusto esse iusto provident accusantium et.','1994-07-04 01:52:07'),
('80','30','48','Voluptatum eos consectetur illum molestias ad. Fugit officiis velit et ut porro aperiam iusto. Itaque placeat aliquam inventore. Quas voluptatem laborum quia animi nisi dolore suscipit cum.','1986-01-02 04:46:44'),
('81','50','19','Rerum voluptates modi aut illo odit magni provident amet. Nulla veritatis occaecati repellat temporibus. Necessitatibus tempore in omnis dignissimos sit.','2005-09-17 00:51:25'),
('82','24','53','Optio quisquam earum ipsam dolorum corporis dolorem. Quia ipsum est quibusdam vitae molestiae sapiente. Ullam est dolorem nihil enim. Rerum voluptatem repellat unde reprehenderit deserunt suscipit neque.','1992-01-18 04:42:07'),
('83','48','38','Sunt ab debitis qui reiciendis amet consequuntur dolorum. Iste deleniti nihil provident vel aut et nihil. Est rerum expedita aut unde. Nisi maxime in officia libero.','1992-05-19 02:41:39'),
('84','20','47','Numquam aut occaecati fugit enim rerum quo similique. Iusto quibusdam dolores rerum et consequatur. Eum ratione fuga rerum mollitia dolorum. Voluptate fuga aliquam hic accusamus. Vel voluptas corporis soluta ut.','2005-06-25 02:13:04'),
('85','46','73','Natus consequatur vero qui rem. Non ut voluptates labore porro non rerum. Repudiandae non modi aliquid rerum earum corporis nisi.','1995-09-02 05:36:07'),
('86','88','58','Rem et possimus voluptas ut rerum repellendus. Sed error est quod est. Et aut dolor repellat quibusdam.','1979-09-26 12:30:01'),
('87','34','45','Et nam recusandae ab tempore qui ab. Inventore earum quam enim dolor enim voluptates. Et dolorum vel omnis quasi.','2002-11-02 12:56:15'),
('88','90','74','Eius tempora sit quod corporis. Velit quia illum placeat adipisci. Libero sint ea molestiae saepe ut iure quo voluptas. Qui sit labore mollitia libero ex et vero.','1992-05-19 02:05:32'),
('89','59','35','Voluptatem quos consequatur voluptatem dolores mollitia id ut iste. Earum eos aut voluptatem et beatae rem. Nesciunt doloribus et est quaerat inventore cumque. Assumenda qui corporis rerum sunt est aspernatur laboriosam.','1992-04-29 13:32:18'),
('90','86','93','Ipsa doloribus temporibus aut dignissimos. Eveniet eum doloribus ea unde qui aut consequatur aut. Dolore consequuntur nisi facilis in. Cupiditate eaque enim ullam est quam debitis cupiditate.','2000-03-21 08:44:53'),
('91','96','88','Veniam et sit accusamus molestiae similique consequatur. Illo non et et ut nostrum ratione. Dolorem aut aut perferendis nemo.','1976-10-28 16:03:53'),
('92','40','54','Sed qui debitis esse ipsum aspernatur sint nihil. Ad et aut impedit et est aliquid nobis. Quaerat sit mollitia debitis quos. Ut voluptatem et fugiat rerum sequi.','1980-03-06 23:38:26'),
('93','45','91','Ipsa cumque unde vitae vel aut eius dicta earum. Sunt vel et laborum sed accusantium non ea. Et dolore aliquam autem sed aut iure.','1970-10-30 08:08:41'),
('94','74','30','Incidunt dolores qui dolore. Quia rem et eum dolor aliquam sint laboriosam. Qui cupiditate cum consequatur commodi nemo vero corrupti. Doloremque dolor iusto omnis sequi cum autem consequatur soluta.','2010-06-05 17:30:03'),
('95','16','44','Et aut ducimus ab fugiat error sapiente sapiente exercitationem. Occaecati assumenda animi ipsa nam voluptate. Minus sed eveniet quas eveniet adipisci dolorem sed molestias.','2002-06-21 12:35:53'),
('96','35','67','Rem et voluptatum dicta numquam maiores qui ex. Vel et dolorem sequi laborum. Iste fuga esse aut molestias saepe et. Voluptatem qui quidem alias enim itaque est ut omnis.','2006-06-02 20:16:49'),
('97','92','55','Ut consequatur in et placeat laudantium expedita. Molestiae minima quia odio ut aspernatur. Voluptas eum voluptatem mollitia.','2017-02-24 22:31:44'),
('98','16','46','Illum officiis consequatur eligendi hic. Tempore nam nostrum vero nobis rem. Vel et vitae animi alias autem commodi eligendi.','1981-01-21 07:48:51'),
('99','84','18','Et pariatur nesciunt quia repudiandae ad accusamus eligendi. Cum non repellendus voluptatem ut quo. Reprehenderit necessitatibus ex recusandae reiciendis omnis dolor architecto suscipit.','2012-01-04 05:46:52'),
('100','30','2','Non consectetur est et dolorem quibusdam. Pariatur illo voluptate voluptate ad modi. Illo molestiae eaque molestias nam nihil tempore. Adipisci a repellat officiis est corporis dolorum aut.','1974-06-07 07:06:26'),
('101','85','42','Atque eius explicabo quas qui dolores. Voluptatum ut eum repudiandae explicabo quis accusamus voluptatum. Temporibus doloremque consequatur nam itaque aut dolore. Dolor doloribus sed ut.','2015-12-21 08:19:14'),
('102','92','6','Commodi minus aut impedit eveniet minus. Est aut explicabo quos nesciunt veritatis.','2000-01-26 22:35:22'),
('103','19','56','Expedita omnis officia amet illum cupiditate. In at nisi voluptates perferendis aut. Esse corporis possimus voluptatem est cumque pariatur corporis. Neque et quia non magni.','2014-08-13 18:17:48'),
('104','50','98','Perferendis autem voluptas voluptate voluptates dolorem. Autem exercitationem qui praesentium sint. Dolorum dignissimos vel odit animi doloribus praesentium.','1982-11-03 21:43:10'),
('105','66','89','Corrupti tempora ut dolores rerum. Velit maiores qui quia ipsam ut. Asperiores saepe et saepe iusto. Veniam molestiae quasi et qui iste.','1971-09-30 22:05:09'),
('106','57','54','Ipsum voluptates neque et. Illo facilis magnam et molestiae exercitationem pariatur quo possimus.','2004-11-16 22:08:31'),
('107','35','56','Consequatur labore animi placeat nihil. Et sequi tenetur maxime dolorum. Enim unde rerum atque. Quibusdam non unde sed et.','1993-08-10 04:35:26'),
('108','71','5','Et facere qui aut. At nihil et laboriosam ut rerum error neque. Dicta et ut tempora aliquam. Eum aperiam iusto eligendi qui est corrupti quod.','1978-02-03 11:54:02'),
('109','1','50','Eum enim fuga nemo perspiciatis rerum quos facilis corporis. Sit aut expedita repudiandae beatae et neque recusandae. Suscipit accusamus vel fugit incidunt. Ducimus cumque ut et quidem minima a nulla. Delectus repellat perferendis voluptate reprehenderit non eligendi occaecati.','1986-03-05 10:31:38'),
('110','19','95','Et earum eaque officiis ad laboriosam est. Vitae incidunt temporibus quisquam dolor eos. Et dolorem ea officia eum ducimus ut dolor.','2018-04-15 09:23:16'),
('111','66','19','Qui libero consequatur accusantium magnam eaque rem ut. Eum soluta expedita non debitis. Sint eaque quos praesentium sapiente aut ratione. Tempore dolores vitae impedit debitis aut est eligendi harum. Aliquid velit nihil quo unde debitis animi repudiandae.','2018-05-23 06:56:04'),
('112','42','1','Debitis similique enim voluptates blanditiis nemo. Veniam temporibus officiis dolores nostrum aut rerum. Consequatur ad sint est magnam sed nostrum velit vero. Eveniet aut placeat molestiae.','1997-05-23 14:06:26'),
('113','99','90','Velit quis omnis cum voluptates pariatur qui. Doloribus odio architecto beatae aut nisi doloremque et. Numquam aut ducimus quo illo ad.','2006-07-31 21:07:12'),
('114','100','3','Facilis velit omnis ipsa consequatur qui qui. Facere eum quia sed odio nam molestias et dolor. Sed enim sunt molestiae et.','2016-02-20 10:55:23'),
('115','50','93','Nihil illum quia rerum cum officia laborum non omnis. Voluptates adipisci maxime consectetur ut numquam. Aut veniam est fugiat accusamus velit soluta quae. Debitis voluptatem provident sit ut consectetur.','2008-08-14 23:43:12'),
('116','70','54','Non aut aut accusamus similique non inventore. Porro modi aliquid exercitationem. Et suscipit consequatur quia. Nostrum iure aliquam vero tempore eum saepe est.','2015-02-28 22:04:04'),
('117','70','22','Recusandae delectus pariatur inventore rem sunt et et hic. Commodi rerum mollitia in explicabo. Delectus eos vitae optio voluptate quia voluptatem accusamus. Rerum architecto est libero velit sed aut error.','1994-05-28 09:55:42'),
('118','98','48','Est at laboriosam omnis perspiciatis eos et. Voluptatem quos aut quia eligendi. Soluta veniam placeat debitis sunt.','1980-08-25 17:45:53'),
('119','59','9','Veritatis voluptatem vitae libero deleniti dolorem omnis. Vel optio harum impedit aut aut. Sapiente inventore in dolores explicabo vel ipsum.','2018-11-07 12:54:25'),
('120','11','35','Eius maiores sapiente velit magnam fugit quibusdam unde omnis. Aut atque quos quaerat officia veritatis ducimus odio. Amet fugiat dolor quia veritatis voluptas.','1987-12-19 05:08:23'),
('121','55','9','Perspiciatis saepe corporis sit qui debitis sunt. Provident itaque atque temporibus sint quod excepturi qui. Perferendis exercitationem delectus consequatur repellat qui dolorem ipsa. Sequi dolores et eligendi amet.','1986-06-11 08:09:13'),
('122','74','55','Dolores praesentium impedit voluptatem maxime qui. Consequatur error ratione porro sit. Reprehenderit nulla excepturi accusantium est.','2015-02-26 16:46:07'),
('123','30','13','Ratione asperiores ut quos. Et ut ullam cupiditate quis in. Sit vel ratione ex nostrum ipsa atque.','1977-09-19 17:14:01'),
('124','76','2','Fugiat labore a cum sed. Vel eaque fuga non ut. Totam quia voluptatum cupiditate explicabo. Neque iure incidunt quo rerum.','1985-06-10 03:56:44'),
('125','56','2','Quia et et et perferendis. Porro assumenda maxime aliquid et quo est ut consequatur. Minima dolor maiores voluptates dolorum. Eveniet ut dignissimos voluptate esse eligendi.','1986-01-15 22:32:16'),
('126','30','13','Architecto eligendi in incidunt voluptatem. Totam commodi excepturi quaerat. Id magni perferendis repellat qui.','1987-06-12 18:37:41'),
('127','71','46','Doloribus culpa veritatis voluptas velit nisi. Nobis sit et aliquid. Tempora ipsum excepturi eligendi ut provident veritatis sunt sit. Possimus aut expedita soluta voluptatibus.','1988-11-24 11:22:20'),
('128','30','55','Est necessitatibus beatae vitae voluptate ex. Aliquid deserunt ea nihil blanditiis dignissimos. Autem eos voluptas sit odit nesciunt perspiciatis nisi rem.','2003-09-12 03:34:38'),
('129','64','92','Omnis iste facilis est nostrum quasi atque fuga sunt. Possimus alias sed omnis ut. Voluptas libero sunt exercitationem corporis omnis sit impedit. Pariatur et assumenda eaque sed et tempora recusandae.','2015-11-05 18:02:45'),
('130','26','38','Necessitatibus et ut voluptates optio at. Vel non architecto ut quae. Sequi qui deleniti et.','2000-08-14 23:53:16'),
('131','58','13','Qui adipisci dignissimos commodi sed aspernatur molestias impedit aliquid. Vero minima modi cupiditate iste. Quo aut voluptatibus harum et earum at. Voluptatem rerum impedit labore et tempora.','2010-10-23 01:05:33'),
('132','32','52','Qui natus ducimus eaque debitis est. Aut nobis et et eius ducimus. Dolore et error fugiat ut earum veritatis mollitia.','1972-08-29 00:59:09'),
('133','21','11','Laboriosam et cum rerum neque et. Qui culpa id et molestiae non et voluptatum. Cumque totam quia fugiat cumque exercitationem culpa tenetur. Beatae vel sunt qui veritatis.','1985-03-23 09:57:38'),
('134','99','29','A labore ut nostrum aperiam est neque. Molestias quas tempora distinctio vitae assumenda. Qui maiores non aut rerum alias.','2001-11-03 04:39:52'),
('135','48','64','Libero repudiandae voluptates rerum dolore. Error et repellat sint consequatur nam occaecati et. Non quod quo dicta. Temporibus alias qui natus sed.','1982-09-20 06:59:19'),
('136','100','54','Qui dolorem exercitationem qui recusandae debitis. Voluptas reiciendis aliquid officia numquam aspernatur. Dolor nobis qui veniam molestiae culpa.','1993-11-15 06:09:52'),
('137','10','64','Esse voluptatum eos ratione excepturi et excepturi. Qui mollitia quis enim ab molestiae laudantium sint. Aliquid quis consequatur autem expedita nihil beatae omnis et. Aut quas in vel eum delectus.','1974-01-09 00:08:18'),
('138','22','65','Assumenda ut et et modi corporis aperiam tenetur. Ut eaque natus sit sed ut sint rem. Tenetur libero temporibus nostrum fugiat deleniti reiciendis.','1993-02-04 21:10:02'),
('139','66','36','Fugit magnam blanditiis libero cum amet eaque dolor. Aut harum eos dolores. Dolorem ducimus inventore omnis dolores molestiae asperiores cupiditate vero.','2014-02-23 22:10:30'),
('140','25','24','Est maxime aspernatur aut odio et. Eaque quis maiores accusamus quia. Voluptates ullam soluta placeat distinctio.','1994-02-10 15:52:05'),
('141','87','75','Illum in ratione vitae quo commodi debitis. Est id itaque deserunt non deleniti id. Animi voluptas tempore totam nulla saepe at repudiandae.','2000-01-26 18:51:12'),
('142','30','55','Inventore nihil minus neque nihil iusto. Quam omnis eveniet ut voluptates. Quia libero quae quasi qui iusto dignissimos quas. Cum reiciendis sit placeat nulla accusamus vel. Magni maxime illo voluptates molestiae placeat quasi sapiente soluta.','1976-11-12 22:32:08'),
('143','67','72','Asperiores ut consequatur doloribus. Ipsa quo tempora eius rem enim et. Porro suscipit enim qui ipsa. Debitis quia omnis consequatur sapiente praesentium.','1995-07-30 15:01:29'),
('144','84','2','Beatae eligendi error odio est. Praesentium quae commodi et. Doloremque beatae aut repudiandae quis quisquam. Sit quia necessitatibus est occaecati consequuntur aut iure.','2017-07-30 21:04:58'),
('145','16','39','Eum accusantium et vero ut. Quasi non nesciunt qui eos aut architecto mollitia. Illo in accusantium corrupti sit sequi dicta saepe.','1979-01-05 20:41:11'),
('146','13','30','Beatae officiis labore dolor omnis. Est facilis impedit voluptatem. Animi aut libero quo consectetur ducimus vero. Recusandae quia perspiciatis eius sed quis aut rem officia.','2002-08-19 21:38:01'),
('147','8','78','Vero nemo laborum ut eum qui. Consequatur quam nisi fugit quia eius perferendis ut. Iure inventore quo magnam temporibus quibusdam. Nihil autem saepe repellat nobis vel odit.','2012-05-09 23:25:58'),
('148','70','92','Repellat a nisi soluta expedita est. Consequuntur voluptatem doloribus omnis deleniti. Modi sunt rerum dolor molestiae. Deleniti aut libero amet ex ullam. Reiciendis ducimus quis corrupti tenetur tempora.','2019-01-24 07:50:42'),
('149','71','27','Laboriosam tenetur facilis iure quia itaque minima vel. Et aut eum recusandae ab alias. Sit est non qui occaecati et exercitationem.','2017-07-26 12:55:58'),
('150','10','63','Sit ipsa qui illum. Animi qui illo a. Ipsa nulla sed nam sit voluptas consequatur nihil. Molestiae tempore velit omnis.','1996-08-15 02:34:40'),
('151','60','99','Impedit ut porro et. Nesciunt doloremque ut vero officiis nam. Exercitationem fugiat quis nobis dolor ea et quam. Autem ducimus voluptas possimus aut at veritatis sunt.','2019-06-21 17:46:36'),
('152','71','78','Eligendi eligendi maxime dolore. Nihil ratione molestiae in aut porro sint neque quod.','2013-11-22 18:44:03'),
('153','89','2','Aliquam quo sapiente quam debitis autem nostrum id incidunt. Omnis molestiae sit sapiente qui molestias et. Reiciendis ipsam dolor animi consequuntur. Porro pariatur quis ullam.','1999-09-14 14:13:24'),
('154','80','74','Voluptas aut nihil corporis quia eos. Ratione cupiditate iste ea. Nesciunt voluptatem harum cumque pariatur. Animi rerum ea accusantium dolor amet architecto suscipit.','1991-12-04 22:53:13'),
('155','20','94','Nobis corporis quo eos necessitatibus sit et. Error quidem et adipisci. Error esse eum non qui ea deleniti.','1987-05-03 05:09:43'),
('156','30','13','Voluptatem quas corrupti placeat qui ipsum aut dolorem sunt. Est voluptatem quos temporibus omnis repellat ea.','2011-03-21 11:14:46'),
('157','36','36','Dolores quae est id nisi qui error dolorem. At ut dolores est optio. Consequuntur molestiae et rerum et qui neque a quia. Eos ab quia quisquam accusamus. Pariatur ratione dolor neque ut maiores.','1990-04-16 12:27:31'),
('158','20','76','Maxime cupiditate consequuntur laudantium saepe aut nemo. Molestiae porro iure cum voluptatem ut ad. Quia aspernatur blanditiis vitae eum et sit ut. Dolorum natus quas velit aut repudiandae quidem laboriosam.','2001-09-04 21:55:53'),
('159','30','74','Id et aut illo perspiciatis deserunt. Voluptas sunt soluta perferendis provident ut est nulla est. Ut tenetur repellendus labore inventore.','1990-10-05 05:04:05'),
('160','10','97','Quisquam consequatur est et aut. Iure quo ea voluptas ut quia quod. Minima fugiat omnis pariatur totam odit corporis quas. Assumenda excepturi qui mollitia debitis vel provident numquam.','1979-06-11 07:21:56'),
('161','30','74','Sunt vero in sit alias dolores. Ut ipsam et quibusdam aperiam aperiam.','1978-09-13 01:00:10'),
('162','8','61','Sit vero atque doloribus repellendus et qui. Laborum id voluptas fuga cumque rerum. Enim molestiae adipisci quia et. Nam velit corrupti nulla veniam reprehenderit corporis dolore.','1977-11-30 16:23:46'),
('163','81','81','Quia repellat culpa nesciunt a. Atque aut autem animi tenetur est. Iusto molestiae reiciendis commodi et. Error culpa omnis cupiditate voluptatem.','1979-08-11 12:36:33'),
('164','53','18','Corporis quia occaecati ut deserunt cupiditate voluptate a. Ut eius vitae provident quos mollitia. Veniam aliquid ut aut est provident.','1974-08-15 02:17:49'),
('165','89','85','Reiciendis voluptas iusto omnis sapiente. Qui quam perferendis dolores qui illo dignissimos. Modi facilis quod occaecati fugiat dolorem numquam.','2009-02-26 01:21:37'),
('166','57','65','Et blanditiis deserunt incidunt ullam magnam non voluptatem. Mollitia et quia sunt laudantium quasi. Adipisci ut fugit vel esse atque recusandae. Ut officiis qui perferendis sit beatae eum.','2011-11-07 08:49:09'),
('167','21','14','Atque cupiditate possimus est dolorem repudiandae provident. Voluptas natus fuga aperiam eligendi. Non nulla quam hic qui fuga. Officiis quia sit eveniet.','2014-07-28 20:45:13'),
('168','84','84','Et blanditiis qui eius distinctio magnam molestiae aut. Maxime pariatur reiciendis unde accusamus ut praesentium molestias. Facilis placeat ab qui totam sunt reprehenderit aliquam inventore. Consequatur necessitatibus voluptates est quia facere dolores.','1981-11-19 09:16:38'),
('169','64','66','Dignissimos eos dolor sint ut doloremque tenetur non. Asperiores rem est cupiditate a itaque nostrum enim. Voluptatibus perspiciatis voluptas repellendus quia.','2017-06-22 16:34:11'),
('170','41','39','Impedit odit est quae non. Tempore illum et est aut fugit pariatur voluptas ducimus. Qui quia omnis laborum quasi recusandae.','1993-04-01 15:09:55'),
('171','3','37','Debitis commodi quibusdam quaerat. Incidunt eligendi non vel dolorem consequatur debitis neque minima.','1976-10-23 03:31:28'),
('172','44','2','Consequatur consequatur suscipit quasi quis nisi et. Quidem est optio officia quo dolor facilis. Consequatur nostrum cumque dicta ex ut voluptatum.','2016-08-14 01:44:53'),
('173','3','19','Voluptatibus ea voluptas magni aspernatur. Culpa quas debitis molestiae dicta modi deleniti. Quaerat accusantium quos nihil. Qui unde vitae impedit ab repellat non ad.','2001-01-07 19:02:52'),
('174','30','33','Laudantium quod quasi dicta nulla. Cumque non quo qui est sunt. Maxime illum voluptas quam voluptatem qui alias distinctio. Sunt corrupti aspernatur odio voluptates.','1998-06-16 23:41:14'),
('175','66','63','Atque molestiae quam sit itaque voluptatem velit. Labore et quo vitae. In placeat iusto aut pariatur ut quod.','2018-10-07 01:04:26'),
('176','21','11','Officia deserunt id officia rerum quo laborum. Expedita pariatur ut labore. Omnis dolores autem mollitia nihil.','1985-08-20 02:21:16'),
('177','74','30','Aperiam consequatur ipsam sed ad quia. Distinctio doloribus quis ullam sed. Vel rerum recusandae nihil nobis voluptatum minus veritatis.','2007-05-02 16:19:37'),
('178','70','35','Cumque facere soluta aperiam similique cumque et dolorem. Sapiente quo adipisci culpa maxime excepturi odit. Vero in quaerat quaerat repellendus temporibus assumenda omnis.','2015-06-29 12:03:00'),
('179','12','55','Natus sit occaecati ut voluptas veritatis eveniet quia. Possimus fugiat excepturi accusamus. Labore aut aut cum cupiditate.','1998-03-15 21:08:19'),
('180','99','25','Non debitis dicta eaque illo sit. Dolor vel tempora nisi rem deleniti.','2002-02-23 12:42:51'),
('181','29','71','Alias voluptate est dignissimos reprehenderit. Dolores excepturi nam temporibus debitis qui dolor quam rem. Ut voluptas cum vero delectus voluptate.','2012-10-17 12:05:28'),
('182','95','39','Sunt eius hic nostrum. Voluptatum nihil velit id cumque.','1987-07-03 03:13:58'),
('183','21','36','Maiores sequi dolorum exercitationem deserunt quidem. Quod molestiae ut beatae quo maiores enim. Odit dolores corporis quia consequatur reprehenderit a neque. Mollitia incidunt accusantium et. Non et blanditiis qui nesciunt sed.','2001-04-09 03:35:04'),
('184','99','90','Excepturi atque mollitia culpa nihil occaecati odit velit quia. Corrupti repellat et alias ut. Architecto ducimus blanditiis autem amet vero velit totam aut. Eaque sint rem corrupti temporibus.','2006-07-16 12:50:23'),
('185','10','62','Adipisci in est deserunt minus. Enim dolorum aperiam voluptatem nisi. Repudiandae qui quia ut vitae sapiente sed. Facere dolorum et et neque quas voluptate.','2013-12-21 21:59:01'),
('186','84','83','Harum incidunt enim quia corrupti magni doloremque id. Est consequuntur voluptatem quibusdam.','2009-04-22 00:45:09'),
('187','34','48','Ducimus ipsam quo tempora assumenda. Sit cum asperiores et cupiditate quisquam perferendis. Velit inventore aut optio. Vitae doloribus soluta placeat molestiae aliquam.','1974-03-01 04:44:12'),
('188','97','72','Doloremque nostrum pariatur ipsum molestias non cupiditate fugiat. Voluptatibus dolorem numquam reiciendis quo unde accusantium voluptatem. Et qui aperiam illo. Aut vitae et itaque.','2003-11-25 22:44:31'),
('189','49','70','Nulla sed voluptate iusto aut blanditiis error. At rerum debitis sunt velit laboriosam atque officiis. In delectus dolores recusandae nemo velit.','2002-08-23 22:04:28'),
('190','78','23','Voluptatum rerum placeat architecto vero nostrum eius veritatis. Quia vitae eius alias commodi sint placeat quis. Similique tempora illum ullam aut. Sit repudiandae mollitia dolore mollitia sequi.','2017-10-12 07:18:49'),
('191','63','4','Occaecati quia eos a aliquid reiciendis non veniam. Et fuga quam dolorem sunt tempora id pariatur. Ipsa enim inventore dolor eligendi inventore quos.','1972-02-26 19:22:24'),
('192','23','60','Rerum dignissimos magnam et assumenda laborum mollitia assumenda. Voluptatibus dolorem corporis et et. Molestias consequatur nam maxime quos cupiditate vel. Alias numquam magni et est.','2011-02-13 20:19:45'),
('193','90','29','Voluptatem quod debitis est ut accusamus dolorum. Aperiam magnam corrupti aperiam nostrum cumque minus et.','1982-07-23 11:44:42'),
('194','90','1','Saepe a et sit rerum ea nostrum autem. Deleniti aut consectetur illum tempore quia illum vero aut. Delectus officiis rerum beatae.','1998-07-30 21:23:08'),
('195','70','51','Cumque voluptas natus tenetur in qui hic perspiciatis. Nisi nam cupiditate voluptas accusamus ea. Et id cupiditate molestiae qui.','1986-01-23 02:08:19'),
('196','23','24','Dolorum corrupti nesciunt eum et sit. Voluptatum unde enim sunt veritatis eaque non labore sunt. Et qui nulla placeat. Sed eius eum maxime iure est fugit incidunt eligendi.','1980-03-07 16:15:10'),
('197','90','93','Hic eaque omnis aut quia repudiandae. Doloribus occaecati iste excepturi exercitationem voluptatem voluptatem id qui. Pariatur id doloribus et ratione sint sed modi.','2011-09-30 00:53:15'),
('198','99','1','Eius vel voluptatem neque molestiae ea maxime modi similique. Sapiente et eos ut delectus et quod. Deleniti nemo quaerat praesentium consequatur sed doloribus enim. Fuga voluptatum vero culpa illo impedit error aut.','1973-01-23 09:12:30'),
('199','82','78','Perferendis distinctio error ut molestiae ipsum est. Quo ut qui quia eum odio. Fugit aut quae et ad rerum animi.','1980-05-01 05:18:06'),
('200','66','49','Vero velit fugiat et mollitia. Enim ut et sed quod. Labore impedit rem et ut maiores. Soluta ab et aut.','1991-11-29 23:00:41'); 

INSERT INTO `photo_albums` 
VALUES 
('1','est','61'),
('2','tempore','47'),
('3','et','59'),
('4','dolore','57'),
('5','quidem','17'),
('6','sint','51'),
('7','qui','38'),
('8','dolorum','34'),
('9','quasi','10'),
('10','reprehenderit','42'),
('11','eum','76'),
('12','veniam','29'),
('13','libero','87'),
('14','esse','80'),
('15','amet','49'),
('16','illum','34'),
('17','maiores','19'),
('18','quibusdam','43'),
('19','id','72'),
('20','consequatur','51'),
('21','aperiam','23'),
('22','enim','44'),
('23','consequatur','21'),
('24','nobis','30'),
('25','est','44'),
('26','velit','85'),
('27','impedit','71'),
('28','vitae','87'),
('29','nisi','80'),
('30','aut','64'); 

INSERT INTO `media` 
VALUES 
('1','16','33','Eaque occaecati optio ut voluptas sed ut debitis. Reiciendis accusantium placeat repellat neque. Ut rerum qui reprehenderit qui aut eaque.','eum','22696',NULL,'1996-04-27 04:01:48','2003-07-24 09:57:54'),
('2','27','31','Incidunt aspernatur asperiores quisquam nostrum ab. Mollitia odit ullam impedit repudiandae. Eius fuga similique repudiandae ullam possimus. Et fugit tempora perferendis sint.','consequatur','29482',NULL,'2001-01-24 13:00:40','1978-06-23 16:29:12'),
('3','20','71','Quod in possimus sequi in natus excepturi repellat dolorem. Iste suscipit excepturi facere nemo distinctio quos accusamus. Et voluptatem et est.','libero','20263',NULL,'1988-08-16 05:12:05','1974-04-22 13:32:44'),
('4','10','18','Et doloribus eaque quia quod dignissimos quidem. Qui et voluptatem non est. Et modi tempore quo recusandae cumque. Amet soluta maiores vel aperiam nihil illum beatae.','dolor','24063',NULL,'1977-06-27 14:53:58','1973-04-30 10:24:15'),
('5','4','30','Quis qui rerum magnam error fugit. Quaerat voluptatem placeat ut iste non voluptatem. Esse ut similique et quo odio aperiam. Ea molestias accusamus et modi qui quas. Ut expedita nihil quas.','et','13849',NULL,'1998-01-31 10:06:00','2003-11-15 12:10:28'),
('6','22','38','Placeat sint est deleniti sint. At animi velit consequatur unde aspernatur. Architecto nemo rerum quaerat non necessitatibus. Non tenetur quae quia aspernatur. Facilis ea ut voluptatibus cupiditate ut odit cumque.','aliquid','26396',NULL,'1987-10-08 07:35:01','2000-07-30 12:05:29'),
('7','11','80','Qui voluptatem nihil esse dignissimos. Rerum distinctio velit sunt aut nam tenetur. Et voluptas soluta quibusdam at exercitationem et.','sed','29170',NULL,'1970-11-09 04:35:55','1970-01-08 13:33:11'),
('8','9','6','Molestias eius excepturi cupiditate voluptatibus officiis quisquam. Totam quaerat et saepe optio. Quia adipisci fuga nihil velit excepturi maxime iusto.','autem','31170',NULL,'1979-12-16 19:44:13','2003-11-13 02:41:57'),
('9','20','60','Aliquam dolorem et ut facilis cupiditate. Ut soluta et adipisci enim repellendus. Consequatur totam earum suscipit ex sit facere et voluptatem.','voluptatibus','27635',NULL,'1987-02-06 18:06:13','2003-03-30 09:36:05'),
('10','29','88','Consequatur nihil autem quis cumque in optio necessitatibus. Et soluta rem enim fugiat est. Debitis neque omnis qui necessitatibus.','corporis','18298',NULL,'1981-01-03 22:04:02','1971-02-19 05:54:49'),
('11','4','63','Dicta maiores voluptas nisi repellat officia facere. Quasi voluptate et ea non fuga omnis. Et quos consequuntur voluptatem omnis optio ab praesentium.','alias','32551',NULL,'2012-12-26 03:31:23','2001-09-15 11:05:51'),
('12','12','86','Aut vitae atque enim et. Explicabo molestias sunt dolores dolorem et sed at. Ex laudantium quia quae dolores sunt perspiciatis et. Voluptas et corporis quidem minima sed soluta debitis.','est','22479',NULL,'1986-10-15 22:54:05','2010-01-17 15:46:08'),
('13','14','39','Ipsum ea odit quidem autem iure eos. Est quaerat nesciunt ad possimus ut. Quas id velit autem officiis.','ea','11524',NULL,'2016-02-03 05:32:26','1997-06-21 01:06:46'),
('14','10','91','Eum qui aliquam qui doloremque labore praesentium quibusdam. Iusto voluptatem dolores saepe est veniam. Labore sequi architecto officia sunt doloremque.','voluptates','11924',NULL,'1988-05-15 20:44:20','1983-05-06 10:21:49'),
('15','22','87','Sit doloremque vitae saepe et. Inventore qui quisquam quia sint consequatur.','ab','18722',NULL,'1986-02-05 05:33:57','1973-06-30 06:07:57'),
('16','22','38','Modi saepe modi quo. Placeat repudiandae recusandae labore sit. Qui dolor aliquam reiciendis aliquid.','saepe','31848',NULL,'1984-11-20 01:33:25','1980-05-20 22:25:39'),
('17','11','46','Aliquam qui aut impedit autem. Voluptatem quia assumenda voluptates voluptas aliquid iure eligendi quia. Esse quia hic atque amet voluptates repellat. Exercitationem ipsa labore ex reiciendis et.','doloremque','18364',NULL,'2004-11-09 15:14:26','1973-06-22 18:11:56'),
('18','18','51','Quam et quasi qui harum. Qui voluptate enim voluptatem nostrum enim omnis. Quam asperiores totam beatae consequatur quia amet quam. Animi harum et rerum ab.','nihil','23851',NULL,'1987-07-05 08:07:20','1992-07-26 09:40:23'),
('19','29','7','Ipsum omnis quo perspiciatis assumenda voluptas. Veritatis id pariatur itaque. Facilis neque nesciunt aut et.','ullam','30495',NULL,'1984-01-29 11:29:01','2011-12-06 15:45:26'),
('20','12','93','Libero enim temporibus quas libero. Quaerat omnis distinctio et nostrum ipsum dolor dolorem. Blanditiis neque vero voluptas nostrum eligendi in impedit nemo.','odio','23089',NULL,'2004-02-02 04:10:05','2014-02-28 16:49:20'),
('21','18','42','Nemo beatae porro occaecati qui non. Aut totam provident id velit aut id nihil. Repellat dolorem dolor ex laudantium. Nemo iusto est voluptas qui reiciendis qui occaecati.','enim','18315',NULL,'1984-12-30 03:09:18','2005-12-29 14:44:46'),
('22','23','70','Asperiores quia error eos rem. Ut earum ut eum illo omnis.','placeat','30583',NULL,'1982-02-11 17:26:57','2002-10-01 21:06:11'),
('23','6','91','Eos quia adipisci dolorum numquam non. Ratione harum nam quasi aut. Qui doloremque totam assumenda neque architecto laboriosam. Libero sed perspiciatis consequatur ipsa ut itaque.','laudantium','20443',NULL,'1998-06-21 17:08:48','2008-01-14 19:32:24'),
('24','10','55','Provident magni quam laborum ut. Delectus quod corporis repellendus ut et. Minima nihil et rem ipsam dolores laudantium. Eligendi maxime sint et. Itaque est error placeat sequi odio.','laudantium','20582',NULL,'2010-08-19 00:58:41','2003-02-20 22:42:55'),
('25','15','44','Sed occaecati sunt rerum quo veritatis atque. Quidem consectetur perferendis possimus adipisci. Non adipisci esse quod doloribus quo. Ipsam et autem quia recusandae quaerat placeat ut cumque.','occaecati','23913',NULL,'2017-03-01 13:56:02','1988-12-18 12:36:07'),
('26','28','61','Nemo qui ut nobis sunt sint nulla. Quis sit cum molestias quod veritatis aut. Optio doloremque sit omnis porro et corrupti mollitia. Nihil ipsa officia deserunt sunt facere.','ut','20275',NULL,'2000-01-25 13:06:04','1994-06-13 07:34:14'),
('27','12','51','Aut suscipit ducimus architecto totam. Autem doloremque itaque doloribus. Harum ducimus blanditiis rerum at porro. Eveniet ut eius eum perspiciatis cupiditate.','placeat','29909',NULL,'2003-07-26 04:28:14','1999-01-03 19:31:55'),
('28','5','61','Ex id maxime similique. Qui nam quasi et iste. Tempora qui dignissimos perferendis at. Velit consequatur velit sunt explicabo et.','eum','15747',NULL,'2003-06-07 15:58:14','1985-09-03 07:28:25'),
('29','19','72','Fugit magni maiores explicabo eum quidem sed autem. Molestiae quae iure dolor eum.','ratione','12198',NULL,'1974-12-19 13:05:21','1990-11-13 15:20:11'),
('30','24','20','Ea beatae aut ut quidem. Dicta at quos esse quasi laudantium ut fugiat. Dolorem minima recusandae voluptatem maiores dignissimos laborum voluptate.','quia','11913',NULL,'2011-03-30 03:59:54','1977-07-26 20:52:20'),
('31','17','7','Qui aut vel atque doloribus. Laboriosam provident veritatis non ipsam fugiat qui. Aspernatur dolores et corporis et tempore omnis modi.','iste','19257',NULL,'1984-01-15 10:30:49','2017-08-23 03:08:39'),
('32','7','15','Nihil ipsa aperiam vel quam. Laborum illum et aperiam rerum facilis ducimus officiis. Dignissimos ut ipsum est provident voluptates.','est','11801',NULL,'1985-11-11 19:52:53','1990-11-14 23:23:21'),
('33','29','82','Et ab labore adipisci beatae. Totam perspiciatis sit dignissimos sit illo est velit. Impedit assumenda iure velit nesciunt ad. Temporibus cum quasi consequatur molestiae dignissimos eveniet.','qui','12168',NULL,'1973-08-28 17:59:17','1986-06-01 13:54:50'),
('34','2','75','Veniam excepturi fuga doloribus quis itaque. Consequuntur deleniti magnam qui eum necessitatibus sunt delectus libero. Sit nostrum voluptatibus voluptas dolorum rerum debitis.','est','18995',NULL,'2005-10-16 12:33:00','1991-07-10 23:42:00'),
('35','18','60','Illum exercitationem autem vel eum. Id veritatis nisi est quia excepturi nostrum.','sed','25712',NULL,'1986-04-04 06:35:02','2009-01-26 06:03:17'),
('36','6','28','Deleniti eaque esse nam quis qui commodi. Quo voluptas quo nesciunt sint fugit cupiditate molestias. Nulla aut natus quo voluptatem asperiores eius praesentium. Quia ut harum eum est quo cumque error dolorum.','qui','13225',NULL,'1973-12-20 09:33:48','2000-03-01 21:24:09'),
('37','15','81','Placeat molestiae aut quos nesciunt. Quasi reprehenderit molestiae et ea deleniti ratione aliquid. Quae eveniet quis molestiae aliquam debitis ullam cumque. Quia odit molestiae et incidunt neque. Ea officiis tempore sed enim nostrum et voluptas.','pariatur','32708',NULL,'2011-07-31 23:55:58','1995-07-11 16:46:25'),
('38','6','25','Placeat et ipsam aut veritatis officiis et. Itaque ab nisi beatae vero quod totam consequatur. Excepturi aut aliquam dolores earum facilis voluptas. Molestiae ut natus autem quae.','eius','16384',NULL,'1977-05-30 00:42:48','2011-06-17 23:50:44'),
('39','23','20','Tempore labore provident aspernatur aut libero ipsum. Debitis illo vitae eligendi adipisci sunt eos incidunt. Incidunt et rem voluptatem et.','labore','13642',NULL,'1991-09-22 18:24:13','2017-01-27 06:59:38'),
('40','20','54','Molestiae ullam veritatis eaque quibusdam id et provident. Aut culpa facilis nemo odit et incidunt eos est. Mollitia alias eos architecto illo velit.','amet','27748',NULL,'1998-04-05 05:29:39','1981-10-19 07:44:46'),
('41','10','44','Molestias aut aut natus tempora quo error deserunt. Placeat vel asperiores dolorum ducimus aliquam. Ipsa nihil id voluptas et. Et enim velit id non quis.','aperiam','25614',NULL,'1984-08-23 10:19:35','2004-09-27 10:20:33'),
('42','19','97','Voluptate cupiditate veritatis eos facere et. Porro aut doloribus sunt minima minus adipisci mollitia. Dolores ut nulla dolor praesentium.','minus','23790',NULL,'1992-11-29 06:45:24','1982-04-19 05:53:41'),
('43','11','71','Dolore sed vel tempore ut quis ut autem. Sint eum quo est sit totam. Corporis aliquam qui et et qui.','atque','35401',NULL,'1979-10-11 06:34:27','1999-07-10 17:33:50'),
('44','28','43','Temporibus molestiae omnis aut aut. In quas deserunt sit repellat est. Voluptates fugiat cum numquam sit beatae perspiciatis.','dolor','16797',NULL,'2011-12-23 11:09:42','2011-04-17 14:49:38'),
('45','13','46','Atque accusamus placeat ea reiciendis qui. Delectus quibusdam consectetur voluptas ullam eius dolorem qui. Aperiam exercitationem voluptatem quasi architecto maxime. Aut alias saepe corrupti sit. Autem animi sit quia error nam repudiandae aut.','qui','32542',NULL,'2014-12-13 11:29:24','2006-03-07 06:22:22'),
('46','29','91','Corrupti et deleniti ipsam delectus possimus architecto. Rerum illum sed quia iste optio quo possimus. Aut deserunt et omnis vero.','animi','13048',NULL,'2018-12-20 16:55:53','1977-11-01 12:07:31'),
('47','3','79','Corrupti quas nisi culpa nobis officia. Ipsam sed voluptate voluptates veniam ratione. Quam eum dicta ipsa est repellendus qui.','labore','10732',NULL,'1990-01-17 20:30:55','1973-06-11 09:54:17'),
('48','15','78','Laborum eos at fuga voluptatem sunt officia. Eligendi dolore cumque perspiciatis dicta odio doloremque quasi commodi. Rerum quis laborum quibusdam. Deleniti sed doloribus fuga architecto quod quia.','ut','25146',NULL,'2003-07-26 10:19:14','1983-02-08 18:07:39'),
('49','29','5','Laudantium et reiciendis qui vero commodi itaque perspiciatis. Repellendus atque aliquam labore assumenda dolor iure vel.','quos','31600',NULL,'2000-10-06 19:12:43','1975-07-26 04:21:29'),
('50','8','65','Doloremque voluptatem ea deserunt eos. Corporis libero sit et numquam impedit.','distinctio','23169',NULL,'1983-09-03 18:35:04','1977-07-05 21:40:35'),
('51','23','47','In molestiae modi sed dicta autem quas qui. Placeat ea omnis nisi. Amet omnis eligendi ratione optio sit deleniti ea.','iste','22660',NULL,'2000-10-19 00:42:22','1996-12-22 01:21:24'),
('52','23','77','Deleniti vero delectus ullam. Aliquid nihil eveniet inventore qui molestias ut. Temporibus deserunt accusamus repellendus recusandae nihil.','ullam','15965',NULL,'1977-01-14 23:26:32','2002-03-15 15:33:36'),
('53','15','72','Laudantium fugit aliquam est voluptas. Laboriosam consequatur sit quidem ea iste illo eum. Et sit et veritatis eligendi labore similique sit.','nihil','19542',NULL,'2019-04-15 02:38:02','1977-07-16 02:45:23'),
('54','25','98','Explicabo sed voluptatem velit eligendi delectus quisquam quisquam. Aut adipisci aut numquam facere. Ipsam aliquam libero quam laborum voluptate voluptas. Ut quasi nihil voluptatibus rerum quam.','aspernatur','20493',NULL,'2007-03-25 06:42:59','1979-01-27 05:55:59'),
('55','24','68','Illum asperiores dolorem libero commodi modi reprehenderit. Corrupti eum beatae ratione ea beatae aperiam. Ex vel ut repudiandae nisi occaecati voluptatem.','id','32086',NULL,'1988-02-16 03:58:46','2001-02-10 00:01:13'),
('56','6','27','Repudiandae blanditiis dolor eligendi facere maiores architecto ut. Enim sed voluptates consectetur quas aut et. Deserunt qui quia voluptates soluta.','dolor','27277',NULL,'2014-01-15 03:14:23','1989-09-23 17:08:40'),
('57','20','97','Ad consequatur eum accusantium doloremque ut repudiandae. Labore tempora ipsa velit autem. Ut voluptas eum porro aut. Voluptatibus sit nesciunt exercitationem.','expedita','20156',NULL,'2018-07-17 17:40:21','2019-09-29 00:12:34'),
('58','21','24','Dicta delectus in non unde et qui. Placeat aliquid dignissimos aut officiis et. Eaque explicabo libero non voluptatibus. Nobis aut id sit dolor voluptatem. Harum fugiat veritatis quibusdam rerum.','et','13723',NULL,'1994-09-25 23:24:39','1971-12-24 20:51:12'),
('59','16','18','Eaque dolor excepturi magnam dolorem. Deleniti aut temporibus voluptatem totam sint magnam a voluptatem. Doloribus praesentium repellendus dignissimos ratione consequatur ab. Facilis excepturi enim ea aspernatur veniam aspernatur. Perferendis dolore qui delectus ipsum.','totam','12804',NULL,'1979-07-18 05:57:07','2019-05-29 14:41:03'),
('60','29','44','Qui iure fuga ipsa qui minus explicabo impedit. Aut tempore voluptas modi totam quos sunt. Non quidem rem consectetur. Totam aut et dicta eos.','adipisci','33720',NULL,'1980-02-27 09:09:22','1980-05-04 16:43:50'),
('61','3','47','Omnis natus voluptas id nobis accusantium exercitationem. Veniam saepe sed eum omnis et excepturi. Et laudantium eligendi odio qui.','aliquid','24342',NULL,'2013-10-03 05:45:30','2011-10-01 10:31:13'),
('62','14','16','Explicabo voluptate iste mollitia omnis quia neque. Autem nam ipsam est aut quo quisquam. Quo quam vero quis aliquid.','illo','16517',NULL,'1983-11-02 09:42:51','2019-03-22 06:02:31'),
('63','17','92','Odit ipsa nesciunt aliquam consequuntur recusandae sit. Commodi quia neque est beatae omnis adipisci. Et quas voluptas corrupti commodi ut consequatur qui. Deserunt ad esse harum ipsa.','quo','22272',NULL,'2000-04-13 19:43:23','2013-07-18 22:11:21'),
('64','25','29','Pariatur cupiditate fugiat accusamus non. Numquam quia inventore sint et labore excepturi dolorem. Et tempora adipisci possimus pariatur consequatur illo incidunt dolore.','ullam','30489',NULL,'2019-09-17 15:10:39','1995-06-16 21:14:30'),
('65','5','26','Ut id facere in ex suscipit expedita eligendi. Tenetur ab eligendi enim omnis aperiam quis. Iste mollitia dolor adipisci non officia est totam. Veritatis illum consequatur illum perferendis.','voluptatem','13244',NULL,'2013-08-28 16:30:29','1992-04-01 17:33:38'),
('66','5','88','Laborum neque vel mollitia sit tenetur. Corrupti illum consequatur occaecati. Nesciunt dolorem ipsam optio quas aut. Perferendis animi non numquam necessitatibus dolor rem enim.','est','21579',NULL,'1993-03-31 10:55:21','1982-01-23 17:34:55'),
('67','15','78','Reiciendis dolorem maiores dicta omnis in neque fugiat maxime. Quia adipisci non ut et mollitia fuga. Doloremque error commodi et quo doloremque est aliquam. Sed fuga reiciendis perspiciatis atque. Autem qui itaque nam voluptas.','doloribus','24491',NULL,'2004-08-24 22:41:23','1992-05-18 14:33:44'),
('68','11','32','Sint dolorem eveniet autem et et facere voluptate. Quibusdam pariatur dolor ut quos tenetur corrupti. Dolorem voluptatum et rerum beatae rem nobis blanditiis nobis.','distinctio','10250',NULL,'2006-03-23 08:36:42','2002-11-30 05:40:55'),
('69','23','34','Unde ut alias quam dolorum qui dolor. Provident incidunt alias aut. Asperiores assumenda voluptatem exercitationem illum.','molestiae','20761',NULL,'2001-06-16 22:50:03','2008-05-25 21:23:03'),
('70','29','21','Quisquam tempore facilis veniam et earum. Aut magni aut labore dolores quia. Ut officiis iusto quod reiciendis sed aut aut maiores. Enim alias aspernatur amet beatae aut qui dolor.','nobis','25431',NULL,'1980-05-22 20:57:50','1997-09-19 11:19:36'),
('71','12','90','Sapiente aut et esse molestiae laboriosam quos. Repellendus temporibus aperiam nulla velit vitae quos fugit exercitationem. Necessitatibus fugit fuga asperiores error molestiae repellendus quia. Quidem et dicta consectetur magnam ut.','sed','27815',NULL,'2011-08-25 23:06:37','1989-08-13 06:49:25'),
('72','1','15','Numquam debitis incidunt ratione. Dolores consequuntur id velit. Non eos praesentium non impedit. Recusandae adipisci enim atque.','ex','12699',NULL,'2010-10-19 01:29:31','2006-01-18 10:40:38'),
('73','12','18','Vel ut nisi tempora ullam deleniti. Rerum sint delectus odio natus natus voluptates consequatur. Ut cumque a magnam illo aut minus.','atque','25174',NULL,'1976-12-07 19:29:16','2011-03-09 14:38:05'),
('74','22','89','Ut blanditiis dolorem consequuntur perferendis impedit quia corrupti. Quod delectus quia voluptas nobis quidem ipsa quia. Sunt est consequatur nostrum commodi voluptatem. Qui laudantium earum ut nisi.','voluptatem','28809',NULL,'1986-07-22 15:17:11','1985-11-17 22:53:56'),
('75','7','38','Commodi voluptas sed enim reiciendis. Ducimus ipsam non dolorem repellat ea sed atque. Adipisci sapiente qui omnis et deserunt quia.','ea','17971',NULL,'2015-07-06 08:42:49','2013-09-16 22:46:30'),
('76','9','88','In dolorem ut et repellendus quibusdam quia dicta officiis. Aut qui ut numquam repellendus. Nihil ut eum suscipit cum assumenda itaque. Consequuntur est ullam dolore omnis.','vel','24975',NULL,'1976-08-03 09:38:02','2016-01-31 06:35:20'),
('77','19','22','Dicta labore veniam reprehenderit reiciendis quod. Rerum modi quia odit quo. Alias quia qui perferendis modi deleniti id doloribus.','nulla','14703',NULL,'2007-10-20 12:28:56','2001-05-04 15:46:57'),
('78','8','92','Magni soluta libero molestias eveniet autem iure est. Rerum saepe praesentium nobis cupiditate labore fugiat et ipsa. Accusamus libero rem recusandae dolorem in. Illum quod laborum quia et debitis.','itaque','27993',NULL,'2016-08-30 18:57:46','2010-10-21 04:15:16'),
('79','23','74','Delectus illum possimus unde at suscipit numquam autem. Tempora aut mollitia qui ut fuga et. Enim et debitis laudantium dolorem aut et. Aut fugit illo perferendis amet dolores consequatur velit.','hic','23113',NULL,'1992-07-03 11:09:06','1973-11-11 04:52:46'),
('80','17','27','Illum et explicabo placeat. Nisi et praesentium expedita nihil ut. Omnis repudiandae rerum molestiae qui dolores aut qui. Quis atque et ab et.','alias','19163',NULL,'1990-12-12 06:07:59','2002-09-02 02:02:50'),
('81','2','70','Illum aperiam aut id dolorem impedit provident. Culpa vero ut at eaque sint rem impedit. Aliquam debitis enim delectus.','repellendus','20424',NULL,'1998-07-27 15:29:51','1985-03-11 10:04:45'),
('82','6','56','Dolorem quod in voluptate neque amet neque. Est delectus dolore animi numquam possimus enim. Fugiat nihil sapiente mollitia deserunt vel maiores. Deserunt sint alias tempora incidunt maxime eius atque.','ut','18622',NULL,'1978-07-19 15:52:29','2000-03-14 20:16:33'),
('83','2','93','Ea blanditiis odit velit sunt adipisci quisquam dolorem. Tempore explicabo error ex est laborum expedita. Suscipit doloremque vitae voluptatem placeat incidunt.','accusamus','29631',NULL,'1991-01-10 20:55:13','2004-03-09 09:01:57'),
('84','16','60','Quam ipsa deserunt distinctio error occaecati. Quia temporibus quis sit et. Non quis at minus est aut velit.','sint','17813',NULL,'2002-07-16 18:57:13','2009-01-25 10:14:41'),
('85','15','25','Atque non repellendus minus nemo eos perferendis ad quo. Dolores totam ut corrupti distinctio similique ex necessitatibus voluptatem. Animi dolore et quae rerum.','ut','11684',NULL,'2008-12-08 14:12:01','1979-07-14 23:09:10'),
('86','1','93','Architecto fugiat distinctio voluptatem repudiandae deleniti minus ut. Nam in quidem error consequatur sit ut. Quisquam consectetur qui nesciunt hic. Esse assumenda nam ut aperiam voluptates. A ab nisi doloremque qui architecto quod enim ut.','quia','10945',NULL,'2002-10-02 02:03:54','1983-02-11 06:38:40'),
('87','21','6','Nihil mollitia quo laborum tempore magnam neque. Tenetur perspiciatis et repudiandae facilis optio. Placeat corrupti enim praesentium non ut qui. Velit praesentium quasi neque quis.','et','14430',NULL,'1989-01-04 22:19:51','1983-11-27 13:41:32'),
('88','23','45','Doloremque qui ipsam fuga officiis. Dolore voluptates numquam dolorem dolor. Et ab doloribus nulla dicta rerum possimus itaque libero. Harum blanditiis illum quo quis.','pariatur','31564',NULL,'2003-08-18 04:23:47','1976-04-04 05:24:24'),
('89','25','19','Assumenda sunt voluptatum dolores illum eaque alias. Laudantium numquam enim assumenda officia enim autem. Quasi sit dolore atque quia illo autem. Rem dolores nisi dolor fuga quis.','nisi','14230',NULL,'2010-06-29 19:29:39','1988-12-22 03:03:11'),
('90','18','64','Dolore blanditiis blanditiis vel libero exercitationem illum. Harum qui veritatis ut ullam aspernatur quia. Impedit ea omnis vel facere. Quia sit doloremque quo modi et.','incidunt','20379',NULL,'1985-05-18 03:09:22','1976-06-23 23:14:48'),
('91','27','64','Eius doloremque voluptas nihil nihil. Eos temporibus qui occaecati incidunt repudiandae. Quo qui ut enim laboriosam earum ea.','unde','10263',NULL,'1978-01-22 09:57:44','1976-04-16 12:57:13'),
('92','21','15','Quia sed laudantium repellat eos necessitatibus. Et veniam voluptatem eius qui in magni repellendus libero. Qui ipsum dolorem voluptatibus necessitatibus sit. Praesentium odio totam autem quibusdam consequatur minus.','eum','20811',NULL,'1980-04-26 09:02:56','1990-02-08 16:02:22'),
('93','20','68','At deserunt nemo provident nesciunt non dignissimos. Neque repudiandae officiis magni repellendus vel tempore ut et. Perferendis voluptatem nostrum provident excepturi repellendus.','atque','18011',NULL,'2019-10-31 00:51:35','2003-07-14 16:08:42'),
('94','14','28','Magni fugit ut odio aperiam voluptatum. Et eos odit id. Et vero sit aspernatur dolorem optio voluptas. Tempore molestiae totam expedita repellendus.','eum','31501',NULL,'2017-06-13 20:44:54','2004-05-15 19:06:15'),
('95','10','89','Quisquam corrupti provident accusamus veritatis fuga ut ullam. Iste voluptas nihil minus temporibus possimus atque quidem. Harum occaecati eligendi quis qui quibusdam assumenda perspiciatis. Non accusamus aut nobis error quisquam rerum est atque.','deleniti','21060',NULL,'1988-01-26 06:41:21','2018-09-24 06:39:48'),
('96','5','27','Voluptatum eum nostrum aut enim et distinctio ut. Ipsa aperiam laudantium illum et vel. Est accusantium assumenda delectus saepe dolore ut. Eaque voluptas voluptate ut ab. Explicabo reprehenderit eum labore laboriosam aperiam.','molestiae','15727',NULL,'2003-07-09 03:10:24','2015-04-03 21:25:06'),
('97','23','47','Aut qui eius et aut qui rerum rerum. Possimus et quod officia eaque praesentium. Ab voluptatum totam molestiae excepturi commodi. Ut perspiciatis minima enim exercitationem.','eos','31557',NULL,'2003-03-09 03:10:42','1989-12-19 02:34:57'),
('98','29','23','Ipsam inventore ut ut voluptas. In amet et quia quos molestiae qui. Aut ad nesciunt excepturi omnis.','quia','11904',NULL,'1985-02-14 07:19:48','1971-01-03 20:13:12'),
('99','23','26','Quasi nihil omnis exercitationem enim a. Ea sed at est.','doloribus','16627',NULL,'2018-07-30 18:45:29','1977-05-18 03:45:07'),
('100','16','35','Sunt similique dolores reprehenderit veritatis. Explicabo occaecati fugiat sit quia consectetur libero dolores. Non asperiores est excepturi necessitatibus vero.','consequatur','10181',NULL,'2015-08-12 19:17:48','1972-01-27 21:03:44'); 

INSERT INTO `likes` 
VALUES 
('1','20','38','2000-04-24 22:09:55'),
('2','51','7','1982-11-09 17:42:22'),
('3','99','7','2001-09-05 14:38:14'),
('4','88','4','1986-09-02 10:52:27'),
('5','66','55','1993-09-29 10:08:34'),
('6','18','34','1980-08-18 05:33:48'),
('7','19','56','2014-06-26 08:39:37'),
('8','24','15','1983-11-26 17:26:38'),
('9','98','29','2016-02-09 06:30:37'),
('10','98','58','2013-06-25 04:32:40'),
('11','52','70','1978-02-19 13:56:47'),
('12','82','26','1981-01-28 21:48:56'),
('13','82','28','2004-01-01 03:02:15'),
('14','56','72','1985-02-06 05:42:13'),
('15','51','16','2006-09-04 05:56:56'),
('16','56','37','2004-04-22 16:10:37'),
('17','75','15','1975-11-10 09:18:20'),
('18','62','75','2000-08-03 10:10:08'),
('19','11','59','1991-01-04 22:36:46'),
('20','12','60','1994-04-20 12:21:53'),
('21','33','87','2001-12-18 06:48:48'),
('22','91','71','1974-08-19 02:28:07'),
('23','3','17','2011-10-22 03:06:50'),
('24','80','12','1983-10-31 18:04:13'),
('25','62','17','1986-09-09 08:45:11'),
('26','99','16','2010-08-23 05:12:50'),
('27','38','85','1989-07-06 16:51:42'),
('28','7','57','1983-02-07 15:28:38'),
('29','91','52','2012-02-23 10:21:07'),
('30','69','27','1983-07-29 10:53:42'),
('31','74','19','2009-10-10 22:51:07'),
('32','26','60','1997-09-20 14:16:33'),
('33','91','34','2018-11-13 03:17:35'),
('34','48','96','2009-11-18 16:58:02'),
('35','85','5','2014-07-03 16:31:39'),
('36','77','35','1992-10-17 06:22:50'),
('37','18','29','2015-03-21 18:18:13'),
('38','70','49','1971-03-18 22:14:58'),
('39','25','53','2012-06-28 17:07:34'),
('40','55','35','1973-06-02 20:31:41'),
('41','77','98','1975-12-10 13:23:37'),
('42','59','50','2016-09-28 23:39:25'),
('43','95','81','1976-03-24 19:01:50'),
('44','93','63','2017-02-16 01:02:46'),
('45','21','72','2010-05-24 12:59:43'),
('46','93','4','1984-01-11 15:49:05'),
('47','96','4','2010-06-20 10:53:37'),
('48','81','12','1990-09-18 12:27:02'),
('49','59','90','2009-01-03 01:20:50'),
('50','57','52','1977-09-18 20:01:48'),
('51','32','37','1977-07-26 00:13:08'),
('52','64','38','2000-12-10 16:09:16'),
('53','85','25','2003-12-12 17:23:32'),
('54','77','97','2011-02-20 06:46:42'),
('55','1','1','1999-09-25 16:11:43'),
('56','30','26','1976-10-29 15:38:31'),
('57','81','83','1989-01-19 02:48:48'),
('58','83','94','1991-07-12 10:28:44'),
('59','41','35','2004-11-20 06:05:38'),
('60','31','80','2006-06-06 10:10:47'),
('61','9','81','2001-06-17 14:24:59'),
('62','93','55','1979-07-24 12:07:29'),
('63','95','87','2011-11-16 01:27:43'),
('64','89','93','1994-04-05 02:22:26'),
('65','29','68','1988-12-10 12:05:16'),
('66','55','81','1983-05-09 00:22:52'),
('67','28','9','1970-02-06 08:39:53'),
('68','29','10','2015-09-07 02:40:57'),
('69','95','34','1989-04-17 17:36:52'),
('70','31','91','2003-08-10 12:33:33'),
('71','36','28','2005-01-29 03:30:15'),
('72','61','92','1988-10-06 14:16:27'),
('73','25','1','1991-05-08 15:50:54'),
('74','48','98','2005-12-04 08:06:02'),
('75','70','100','1995-11-11 22:15:11'),
('76','39','17','1981-07-25 20:36:01'),
('77','45','57','2015-07-09 02:50:42'),
('78','94','16','1989-04-24 13:14:51'),
('79','32','66','1983-11-16 14:37:09'),
('80','23','87','1971-06-22 05:30:32'),
('81','62','64','2018-11-06 06:33:58'),
('82','34','77','1986-08-16 06:27:01'),
('83','83','59','1970-07-08 19:45:21'),
('84','96','79','1985-11-14 11:43:02'),
('85','46','14','2020-01-06 02:36:54'),
('86','22','5','2007-01-10 10:43:38'),
('87','54','9','1976-02-17 16:16:36'),
('88','97','82','1985-03-16 12:53:29'),
('89','32','9','1972-07-11 13:42:27'),
('90','45','32','2013-11-19 06:00:30'),
('91','84','33','2007-02-08 16:21:04'),
('92','76','17','1999-08-29 20:03:45'),
('93','11','8','1973-09-15 13:39:29'),
('94','23','44','2013-06-13 16:11:26'),
('95','87','16','1992-02-19 20:46:13'),
('96','61','4','1995-10-10 20:28:51'),
('97','50','12','2009-08-01 23:13:40'),
('98','64','11','1998-06-02 00:59:24'),
('99','89','21','1993-06-09 18:40:05'),
('100','81','7','1995-06-15 18:33:14'),
('101','39','48','1996-03-26 18:16:44'),
('102','39','43','2004-12-28 05:44:23'),
('103','71','77','1983-08-13 13:01:35'),
('104','22','95','1981-07-14 03:00:41'),
('105','10','23','1988-09-23 16:41:53'),
('106','37','33','1971-08-31 06:42:06'),
('107','16','28','1971-11-09 04:12:29'),
('108','46','37','2016-02-09 13:16:14'),
('109','18','43','2019-06-25 06:27:11'),
('110','69','8','1992-01-21 09:34:17'),
('111','51','77','2016-11-25 01:37:26'),
('112','26','87','1991-05-25 18:39:18'),
('113','47','56','2007-06-22 01:42:26'),
('114','9','10','2005-09-03 14:52:01'),
('115','11','12','1971-12-29 21:36:38'),
('116','64','34','2000-10-28 01:26:36'),
('117','98','58','2001-11-11 01:14:20'),
('118','48','80','1999-06-25 15:07:08'),
('119','27','11','2006-09-02 19:18:48'),
('120','27','18','1978-01-10 00:19:19'),
('121','78','46','1975-01-17 20:34:04'),
('122','13','68','1991-10-05 17:05:43'),
('123','51','58','2016-10-31 19:41:54'),
('124','63','37','2001-10-23 02:50:06'),
('125','38','49','1983-05-28 13:00:15'),
('126','7','23','1989-02-24 09:19:41'),
('127','36','26','1991-07-15 16:02:41'),
('128','23','9','1999-05-28 08:33:28'),
('129','93','38','2003-07-04 04:58:44'),
('130','84','73','1980-11-23 16:20:46'),
('131','7','95','2003-04-11 15:17:38'),
('132','99','4','2003-04-23 07:51:08'),
('133','54','73','2004-05-21 09:20:20'),
('134','67','100','2018-08-02 02:10:41'),
('135','93','61','2003-03-14 13:37:09'),
('136','3','58','2004-03-19 10:25:10'),
('137','100','1','2013-08-19 13:58:59'),
('138','40','22','2007-03-23 16:28:45'),
('139','64','68','1971-02-05 13:29:29'),
('140','50','78','1985-07-21 00:38:27'),
('141','55','48','1995-04-01 23:17:59'),
('142','34','38','1974-01-14 00:48:18'),
('143','42','15','2003-01-24 18:30:16'),
('144','60','48','1987-09-02 12:10:46'),
('145','84','30','2005-08-21 18:45:57'),
('146','97','49','1981-07-18 01:59:08'),
('147','20','46','2013-11-04 01:21:33'),
('148','68','43','1974-09-19 01:31:52'),
('149','61','18','1994-02-07 10:54:50'),
('150','54','79','1973-11-06 18:02:16'); 

INSERT INTO `photos` 
VALUES 
('1','1','1','1'),
('2','2','2','2'),
('3','3','3','3'),
('4','4','4','4'),
('5','5','5','5'),
('6','6','6','6'),
('7','7','7','7'),
('8','8','8','8'),
('9','9','9','9'),
('10','10','10','10'),
('11','11','11','11'),
('12','12','12','12'),
('13','13','13','13'),
('14','14','14','14'),
('15','15','15','15'),
('16','16','16','16'),
('17','17','17','17'),
('18','18','18','18'),
('19','19','19','19'),
('20','20','20','20'),
('21','21','21','21'),
('22','22','22','22'),
('23','23','23','23'),
('24','24','24','24'),
('25','25','25','25'),
('26','26','26','26'),
('27','27','27','27'),
('28','28','28','28'),
('29','29','29','29'),
('30','30','30','30'),
('31','1','31','31'),
('32','2','32','32'),
('33','3','33','33'),
('34','4','34','34'),
('35','5','35','35'),
('36','6','36','36'),
('37','7','37','37'),
('38','8','38','38'),
('39','9','39','39'),
('40','10','40','40'),
('41','11','41','41'),
('42','12','42','42'),
('43','13','43','43'),
('44','14','44','44'),
('45','15','45','45'),
('46','16','46','46'),
('47','17','47','47'),
('48','18','48','48'),
('49','19','49','49'),
('50','20','50','50'),
('51','21','51','51'),
('52','22','52','52'),
('53','23','53','53'),
('54','24','54','54'),
('55','25','55','55'),
('56','26','56','56'),
('57','27','57','57'),
('58','28','58','58'),
('59','29','59','59'),
('60','30','60','60'),
('61','1','61','61'),
('62','2','62','62'),
('63','3','63','63'),
('64','4','64','64'),
('65','5','65','65'),
('66','6','66','66'),
('67','7','67','67'),
('68','8','68','68'),
('69','9','69','69'),
('70','10','70','70'),
('71','11','71','71'),
('72','12','72','72'),
('73','13','73','73'),
('74','14','74','74'),
('75','15','75','75'),
('76','16','76','76'),
('77','17','77','77'),
('78','18','78','78'),
('79','19','79','79'),
('80','20','80','80'),
('81','21','81','81'),
('82','22','82','82'),
('83','23','83','83'),
('84','24','84','84'),
('85','25','85','85'),
('86','26','86','86'),
('87','27','87','87'),
('88','28','88','88'),
('89','29','89','89'),
('90','30','90','90'),
('91','1','91','91'),
('92','2','92','92'),
('93','3','93','93'),
('94','4','94','94'),
('95','5','95','95'),
('96','6','96','96'),
('97','7','97','97'),
('98','8','98','98'),
('99','9','99','99'),
('100','10','100','100'),
('101','11','1','1'),
('102','12','2','2'),
('103','13','3','3'),
('104','14','4','4'),
('105','15','5','5'),
('106','16','6','6'),
('107','17','7','7'),
('108','18','8','8'),
('109','19','9','9'),
('110','20','10','10'),
('111','21','11','11'),
('112','22','12','12'),
('113','23','13','13'),
('114','24','14','14'),
('115','25','15','15'),
('116','26','16','16'),
('117','27','17','17'),
('118','28','18','18'),
('119','29','19','19'),
('120','30','20','20'),
('121','1','21','21'),
('122','2','22','22'),
('123','3','23','23'),
('124','4','24','24'),
('125','5','25','25'),
('126','6','26','26'),
('127','7','27','27'),
('128','8','28','28'),
('129','9','29','29'),
('130','10','30','30'),
('131','11','31','31'),
('132','12','32','32'),
('133','13','33','33'),
('134','14','34','34'),
('135','15','35','35'),
('136','16','36','36'),
('137','17','37','37'),
('138','18','38','38'),
('139','19','39','39'),
('140','20','40','40'),
('141','21','41','41'),
('142','22','42','42'),
('143','23','43','43'),
('144','24','44','44'),
('145','25','45','45'),
('146','26','46','46'),
('147','27','47','47'),
('148','28','48','48'),
('149','29','49','49'),
('150','30','50','50'),
('151','1','51','51'),
('152','2','52','52'),
('153','3','53','53'),
('154','4','54','54'),
('155','5','55','55'),
('156','6','56','56'),
('157','7','57','57'),
('158','8','58','58'),
('159','9','59','59'),
('160','10','60','60'),
('161','11','61','61'),
('162','12','62','62'),
('163','13','63','63'),
('164','14','64','64'),
('165','15','65','65'),
('166','16','66','66'),
('167','17','67','67'),
('168','18','68','68'),
('169','19','69','69'),
('170','20','70','70'),
('171','21','71','71'),
('172','22','72','72'),
('173','23','73','73'),
('174','24','74','74'),
('175','25','75','75'),
('176','26','76','76'),
('177','27','77','77'),
('178','28','78','78'),
('179','29','79','79'),
('180','30','80','80'),
('181','1','81','81'),
('182','2','82','82'),
('183','3','83','83'),
('184','4','84','84'),
('185','5','85','85'),
('186','6','86','86'),
('187','7','87','87'),
('188','8','88','88'),
('189','9','89','89'),
('190','10','90','90'),
('191','11','91','91'),
('192','12','92','92'),
('193','13','93','93'),
('194','14','94','94'),
('195','15','95','95'),
('196','16','96','96'),
('197','17','97','97'),
('198','18','98','98'),
('199','19','99','99'),
('200','20','100','100'); 

INSERT INTO `communities` 
VALUES 
('1','ea','99'),
('2','enim','46'),
('3','voluptates','3'),
('4','nihil','55'),
('5','reiciendis','69'),
('6','voluptatem','73'),
('7','impedit','99'),
('8','omnis','25'),
('9','cum','8'),
('10','eum','12'),
('11','recusandae','64'),
('12','ipsa','16'),
('13','facilis','5'),
('14','distinctio','15'),
('15','et','67'),
('16','voluptatem','36'),
('17','enim','95'),
('18','quam','66'),
('19','inventore','80'),
('20','atque','88'); 

INSERT INTO `users_communities` 
VALUES 
('1','8'),
('1','12'),
('2','18'),
('3','11'),
('3','14'),
('4','2'),
('5','15'),
('5','17'),
('7','1'),
('7','3'),
('7','20'),
('10','17'),
('12','6'),
('13','18'),
('13','20'),
('14','3'),
('14','13'),
('14','14'),
('14','16'),
('15','11'),
('16','15'),
('18','14'),
('18','17'),
('18','20'),
('20','19'),
('21','5'),
('23','1'),
('23','13'),
('23','18'),
('26','9'),
('27','5'),
('27','8'),
('27','17'),
('28','2'),
('28','7'),
('29','11'),
('30','9'),
('32','1'),
('33','11'),
('33','17'),
('34','6'),
('34','9'),
('34','15'),
('34','19'),
('35','18'),
('35','19'),
('36','16'),
('37','10'),
('39','3'),
('39','15'),
('41','2'),
('41','17'),
('42','13'),
('44','6'),
('45','6'),
('46','18'),
('47','11'),
('47','14'),
('47','17'),
('48','8'),
('48','18'),
('49','10'),
('50','7'),
('50','20'),
('53','11'),
('54','11'),
('56','2'),
('56','13'),
('57','7'),
('58','17'),
('60','8'),
('63','19'),
('65','1'),
('65','16'),
('65','18'),
('66','3'),
('66','13'),
('67','2'),
('67','9'),
('67','14'),
('68','10'),
('68','19'),
('69','5'),
('69','7'),
('71','1'),
('71','3'),
('71','9'),
('73','1'),
('74','6'),
('75','8'),
('75','13'),
('75','14'),
('76','2'),
('76','15'),
('77','1'),
('77','12'),
('78','14'),
('78','19'),
('79','9'),
('80','2'),
('80','5'),
('80','10'),
('80','18'),
('81','1'),
('81','3'),
('81','5'),
('81','15'),
('82','9'),
('82','20'),
('83','2'),
('83','5'),
('85','11'),
('85','20'),
('86','2'),
('86','3'),
('86','8'),
('86','19'),
('87','4'),
('87','20'),
('88','1'),
('89','3'),
('89','17'),
('91','7'),
('91','8'),
('91','14'),
('92','18'),
('93','12'),
('93','13'),
('93','14'),
('94','14'),
('95','14'),
('97','1'),
('97','4'),
('98','1'),
('100','4'),
('100','8'),
('100','9');

INSERT INTO `profiles` 
VALUES 
('1', 'b','1996-08-29','1','Alejandrinburgh','2010-01-26 04:41:52'),
('2', 'b','1992-07-30','2','Langworthborough','1992-09-14 19:42:20'),
('3', 'b','2007-08-05','3','Westville','2000-11-04 06:43:17'),
('4', 'b','2001-06-20','4','Port Kathryne','1996-04-20 22:36:33'),
('5', 'b','1993-04-24','5','West Lauretta','1992-08-19 08:06:33'),
('6', 'g','2004-03-08','6','New Baby','1998-12-13 05:40:07'),
('7', 'g','2017-10-24','7','Hettingerborough','1988-09-30 21:38:07'),
('8', 'g','1977-11-19','8','South Genevieveburgh','1979-12-03 12:51:10'),
('9', 'g','2018-09-29','9','Raynorfurt','1991-04-23 21:17:36'),
('10', 'g','1977-04-18','10','Tinaview','2013-02-17 05:43:45'),
('11', 'b','2015-08-10','11','Port Luigi','1977-02-02 17:45:08'),
('12', 'b','1981-10-13','12','Williamsonbury','1980-04-19 14:47:59'),
('13', 'b','1971-05-22','13','New Kaelaport','2004-08-29 01:23:52'),
('14', 'g','1986-08-28','14','Kreigerview','2019-06-05 22:34:27'),
('15', 'b','2004-10-23','15','North Hannah','2008-12-26 02:18:13'),
('16', 'b','1975-09-20','16','New Dinahaven','2009-03-08 02:57:09'),
('17', 'b','1977-02-03','17','Louieville','1976-08-10 19:11:36'),
('18', 'b','2000-04-07','18','Littletown','1994-08-26 11:05:06'),
('19', 'g','2009-11-23','19','West Vernie','1996-11-09 21:41:42'),
('20', 'g','1989-06-11','20','Gaylordberg','1988-02-28 08:29:12'),
('21', 'b','2002-06-05','21','Kuhlmanville','1997-05-25 05:03:16'),
('22', 'b','1985-10-31','22','New Jerelport','1992-04-12 10:47:37'),
('23', 'b','1998-12-10','23','Ciarashire','1994-02-07 02:10:40'),
('24', 'b','1974-04-06','24','Eltonport','1997-12-23 04:32:11'),
('25', 'b','1977-12-04','25','Nicoleville','2019-09-11 07:06:43'),
('26', 'b','1990-02-12','26','South Emilia','1972-12-28 18:20:03'),
('27', 'g','1978-04-01','27','South Robyn','1972-07-18 21:32:50'),
('28', 'b','2005-09-23','28','West Madie','1988-04-12 19:56:54'),
('29', 'b','1987-09-30','29','East Selmer','1971-12-13 05:12:57'),
('30', 'b','1983-09-12','30','Schambergerfort','2004-03-04 03:27:18'),
('31', 'b','1982-05-15','31','Champlinville','1975-01-23 08:56:35'),
('32', 'b','1985-08-07','32','Armstrongstad','2010-03-28 13:38:44'),
('33', 'b','1976-10-01','33','Olsonmouth','1989-03-10 10:13:55'),
('34', 'g','2003-12-08','34','Gulgowskistad','1978-09-09 17:36:27'),
('35', 'b','1992-04-16','35','Raynorland','1971-06-20 00:55:15'),
('36', 'g','2007-10-03','36','Rempelview','1976-09-20 08:41:46'),
('37', 'b','2005-01-11','37','Trentmouth','2019-07-26 01:35:17'),
('38', 'b','1979-06-20','38','Blickfort','2005-05-01 23:51:46'),
('39', 'b','2005-01-31','39','Kristychester','2004-03-18 02:01:50'),
('40', 'b','1984-09-24','40','Sporermouth','2000-01-07 06:39:49'),
('41', 'g','1971-02-05','41','Lake Remington','1980-03-28 02:03:19'),
('42', 'b','1985-12-19','42','South Ashlynn','1999-12-07 23:38:03'),
('43', 'g','2008-09-10','43','Pourosshire','1971-04-20 15:04:35'),
('44', 'g','1991-02-04','44','West Zion','1977-11-24 07:44:14'),
('45', 'b','2010-08-01','45','Naderfurt','1977-03-01 04:48:52'),
('46', 'g','2001-05-05','46','Abigailton','1972-07-03 05:13:22'),
('47', 'b','1996-06-23','47','Port Conrad','1985-10-15 15:39:47'),
('48', 'b','2006-07-08','48','Isabelberg','1975-09-12 18:30:57'),
('49', 'g','2005-07-21','49','Trentonport','1983-08-02 21:00:00'),
('50', 'b','1974-04-02','50','Croninstad','2019-01-31 04:37:59'),
('51', 'g','2005-09-17','51','West Orlandoborough','1978-11-10 14:28:39'),
('52', 'g','1972-07-03','52','Ortizmouth','1979-10-24 15:52:54'),
('53', 'g','2001-09-17','53','Lake Martastad','1994-09-06 16:24:15'),
('54', 'g','1990-03-07','54','Gorczanyburgh','1986-06-06 10:10:33'),
('55', 'b','1985-12-26','55','North Nadiaport','2005-08-03 21:20:16'),
('56', 'g','1972-02-25','56','West Nils','2003-06-08 12:16:45'),
('57', 'g','1996-06-15','57','East Myrtletown','2013-12-22 20:36:58'),
('58', 'g','2013-04-24','58','North Ethaville','1989-01-30 23:47:55'),
('59', 'g','1987-11-22','59','Watsicabury','1988-02-25 03:00:47'),
('60', 'b','1981-09-13','60','Lake Odiefurt','2017-04-11 01:08:10'),
('61', 'b','1987-06-29','61','Blockmouth','2017-11-12 05:08:19'),
('62', 'b','2004-05-19','62','South Petra','1991-01-24 13:51:28'),
('63', 'g','2015-01-05','63','South Stefanieburgh','1978-11-13 04:13:34'),
('64', 'g','2011-03-11','64','West Timothy','1978-10-01 09:36:53'),
('65', 'b','2001-09-26','65','Zoeland','1979-12-07 17:42:02'),
('66', 'g','1980-03-01','66','South Aaron','2010-07-12 03:27:42'),
('67', 'g','2003-02-28','67','South Karley','2019-03-11 11:31:19'),
('68', 'b','2003-06-09','68','South Fae','1983-11-22 14:54:03'),
('69', 'b','2003-01-16','69','New Elijahmouth','1976-10-10 00:39:17'),
('70', 'b','1992-05-01','70','East Henrybury','1991-07-30 04:07:57'),
('71', 'g','1984-09-03','71','Miastad','1999-06-24 05:59:25'),
('72', 'b','2009-12-11','72','Stiedemannbury','1991-08-26 14:41:46'),
('73', 'b','1977-05-09','73','Angelastad','2003-07-05 15:58:44'),
('74', 'g','1985-09-28','74','Kelsiestad','2005-10-28 17:02:28'),
('75', 'g','1985-02-15','75','Chazhaven','1979-06-26 06:27:09'),
('76', 'b','1993-05-09','76','Randytown','1986-10-05 23:58:07'),
('77', 'g','1995-03-09','77','Wymanborough','2007-08-26 21:56:02'),
('78', 'b','2005-04-15','78','North Barrett','2003-06-02 11:11:09'),
('79', 'b','1987-01-02','79','Dachside','1970-09-23 10:34:29'),
('80', 'b','1990-08-19','80','New Ayana','2019-12-12 21:03:32'),
('81', 'b','1973-02-03','81','Klockoside','1996-01-13 06:06:34'),
('82', 'g','2007-04-10','82','Trystanfurt','2019-07-12 21:42:08'),
('83', 'g','2009-04-09','83','Naderberg','2012-08-18 01:00:15'),
('84', 'b','2015-08-27','84','New Cortney','1976-04-12 05:11:08'),
('85', 'b','2014-02-15','85','East Merl','1993-01-13 10:48:26'),
('86', 'b','1996-09-18','86','Eichmannside','2003-12-09 22:29:12'),
('87', 'g','1978-02-14','87','Lake Lysanneport','2010-11-11 12:53:18'),
('88', 'b','2015-01-16','88','North Reinholdmouth','1998-05-23 13:34:16'),
('89', 'b','1989-12-23','89','Port Arch','2015-07-19 23:46:37'),
('90', 'b','2006-05-26','90','West Drakehaven','1987-09-04 08:36:57'),
('91', 'b','2017-05-06','91','Lucienneport','2006-03-13 23:38:41'),
('92', 'b','1970-03-30','92','Robynborough','2018-01-24 16:58:46'),
('93', 'b','1999-06-11','93','Adriennehaven','1993-12-09 02:29:01'),
('94', 'b','2013-06-18','94','Keelingburgh','1988-03-03 15:12:11'),
('95', 'b','1996-07-20','95','Cummerataborough','1975-11-19 03:34:20'),
('96', 'b','2012-10-31','96','Lenoreville','1978-06-14 03:14:09'),
('97', 'b','2002-05-27','97','North Nonafort','1981-08-15 20:59:09'),
('98', 'b','1988-11-08','98','Blandaton','2003-10-05 17:55:43'),
('99', 'g','1972-08-20','99','Kohlerfurt','1997-04-18 15:41:29'),
('100', 'g','2004-03-25','100','West Austenport','1977-02-07 04:41:09'); 


INSERT INTO `friend_requests` 
VALUES 
('2','38','requested','1993-05-14 16:09:31','2018-04-01 06:17:20'),
('4','27','approved','1979-06-14 15:17:09','2017-10-04 18:08:56'),
('10','96','declined','2013-03-09 17:08:49','1991-07-18 06:59:48'),
('12','15','approved','1979-01-18 00:22:57','2019-11-02 18:21:47'),
('12','30','requested','2019-02-17 00:18:42','2001-10-29 20:42:28'),
('13','60','approved','1997-03-02 17:08:20','1974-10-26 04:37:39'),
('15','5','unfirended','2019-08-30 13:59:27','1977-04-01 21:24:07'),
('15','38','approved','1985-01-10 10:54:24','1979-11-19 12:44:44'),
('15','40','requested','2010-01-01 23:10:04','2010-06-26 13:46:26'),
('16','11','requested','1993-09-04 10:24:30','1976-07-19 18:57:55'),
('16','68','approved','2004-11-14 04:44:47','1981-11-03 02:36:41'),
('16','100','approved','2019-10-30 07:53:05','1982-12-12 16:03:03'),
('17','52','declined','2009-02-26 15:26:57','1974-03-17 20:57:23'),
('20','92','requested','2002-01-07 18:29:45','2008-01-07 03:18:51'),
('21','82','approved','1972-09-08 17:04:33','1980-08-16 22:59:05'),
('24','75','unfirended','2008-10-28 19:48:32','2008-02-17 21:32:28'),
('24','85','approved','1972-08-05 08:18:32','2008-07-19 18:54:45'),
('28','39','requested','1983-11-14 10:16:20','2004-11-13 05:19:24'),
('30','55','approved','1971-07-09 00:28:35','1987-10-21 08:32:10'),
('30','13','approved','1985-03-04 21:36:39','2017-05-31 13:43:19'),
('30','74','approved','2004-11-07 14:54:50','2017-09-17 00:59:09'),
('30','41','approved','1988-04-03 17:03:12','1996-01-25 02:30:55'),
('30','16','approved','2016-01-28 07:33:06','2014-09-27 21:05:24'),
('30','58','approved','1997-02-25 09:02:37','2004-05-30 15:29:26'),
('30','10','approved','1992-01-08 05:10:50','2000-03-29 22:28:38'),
('33','39','unfirended','2010-04-08 06:50:45','1986-06-04 14:43:26'),
('38','96','requested','2002-11-05 00:58:15','2013-12-28 11:42:00'),
('39','63','requested','1977-07-07 08:01:31','1991-12-20 19:55:18'),
('41','62','approved','1985-09-08 07:26:44','2015-03-03 21:01:48'),
('42','87','approved','1991-04-03 17:51:51','2008-03-30 10:14:41'),
('45','49','declined','2006-05-17 17:42:15','2012-04-24 15:01:04'),
('51','88','requested','1981-12-19 09:31:39','1982-10-25 21:34:06'),
('57','12','unfirended','1994-08-10 16:10:01','2016-05-05 18:17:02'),
('57','46','approved','1993-05-22 10:42:22','1978-12-02 14:25:28'),
('61','20','approved','1977-11-06 22:55:58','2019-09-20 14:13:42'),
('63','27','declined','1988-09-04 07:12:28','2010-04-06 13:52:25'),
('63','100','approved','2010-02-11 01:24:35','1999-08-26 02:33:18'),
('65','12','unfirended','2015-08-26 21:20:50','1975-05-27 12:44:59'),
('66','41','requested','2009-10-17 13:46:05','1982-09-16 15:45:36'),
('67','81','requested','2004-06-27 02:52:26','2014-10-24 13:12:03'),
('70','22','unfirended','1981-01-02 00:00:48','2002-11-27 04:48:34'),
('70','63','approved','2002-08-08 13:42:22','1986-05-30 19:47:47'),
('71','60','approved','1994-01-01 14:52:08','1976-01-20 18:11:18'),
('73','18','declined','2014-06-22 01:13:57','1990-03-17 17:36:27'),
('73','39','approved','1985-02-10 04:49:27','1997-07-10 07:31:26'),
('73','74','approved','1971-12-21 01:45:30','1995-04-10 17:14:16'),
('75','66','approved','2003-10-10 15:32:11','2017-04-04 05:50:43'),
('77','10','declined','2017-07-19 11:43:24','1985-12-19 01:08:02'),
('78','7','approved','2004-06-24 12:11:24','1994-08-14 01:00:52'),
('81','7','unfirended','1988-10-02 19:08:31','1992-02-05 17:32:27'),
('81','80','approved','1980-12-14 19:41:40','1997-06-11 12:20:08'),
('81','97','declined','2014-08-02 12:23:11','2012-07-11 14:54:03'),
('84','6','requested','2005-06-30 14:20:15','1974-01-05 17:11:38'),
('84','27','unfirended','1985-06-16 06:24:53','1979-04-29 04:35:27'),
('85','35','approved','2015-11-12 00:40:35','2016-07-16 00:41:46'),
('87','25','approved','1997-12-31 03:48:34','2019-02-18 19:15:20'),
('88','6','approved','2006-11-11 18:20:36','1982-05-10 02:10:40'),
('88','27','declined','2002-02-06 08:52:15','1989-08-21 05:27:46'),
('89','86','requested','2000-02-05 09:18:46','1999-11-13 21:11:06'),
('90','100','unfirended','2009-07-27 19:32:57','1976-11-03 13:46:39'),
('91','95','approved','1997-10-01 19:19:26','2019-01-07 00:48:58'),
('93','44','approved','1988-06-20 13:23:55','1995-03-25 01:31:24'),
('95','19','requested','1979-05-14 12:21:04','1994-11-03 01:35:15'),
('96','19','approved','1971-11-26 10:00:18','1982-01-10 18:41:32'),
('96','67','approved','2013-03-26 21:27:13','2019-06-26 07:48:14'),
('97','73','approved','2019-11-30 07:41:51','1971-02-20 00:45:08'),
('98','66','unfirended','2004-08-08 13:16:49','2001-08-17 01:11:38'),
('98','68','requested','2013-03-15 15:55:35','1970-02-10 05:15:22'),
('98','75','declined','1999-07-04 20:20:13','1994-10-30 00:20:43'),
('100','15','approved','1997-11-22 16:49:48','1985-10-15 09:12:01'); 

-- ==============================================================================================================================================================

-- добавим поле is_active в таблицу profiles со значением по умолчанию = true
ALTER TABLE `vk`.`profiles` 
ADD COLUMN `is_active` BIT NOT NULL AFTER `created_at`,  -- при NOT NULL по умолчанию присваивается 0
ADD INDEX `is_active` (`is_active` ASC) VISIBLE;

-- заменим 0 на 1 в тех строчках, где возраст больше 18
UPDATE `vk`.`profiles` 
SET `is_active` = 1       -- открываем доступ
WHERE `is_active` = 0 
AND (YEAR(CURRENT_DATE)-YEAR(`birthday`))-(RIGHT(CURRENT_DATE,5)<RIGHT(`birthday`,5)) >= 18;

-- ==============================================================================================================================================================
-- Задача №4 к уроку №4
-- в таблице messages 200 сообщений
-- сначала сделаем пару подобных строчек
UPDATE `vk`.`messages` SET `created_at` = '2022-01-16 17:46:53' WHERE (`id` = '10');
UPDATE `vk`.`messages` SET `created_at` = '2020-03-09 01:04:45' WHERE (`id` = '28');
UPDATE `vk`.`messages` SET `created_at` = '2021-07-14 23:11:27' WHERE (`id` = '36');
UPDATE `vk`.`messages` SET `created_at` = '2020-12-29 03:41:48' WHERE (`id` = '51');

-- а теперь удалим их
 DELETE FROM messages WHERE created_at > NOW();
 -- осталось 196 сообщений
 
-- ==============================================================================================================================================================



















